transaction_id,customer_id,amount,transaction_type,is_fraud,timestamp
1,390,1299.39,payment,False,2023-05-21
2,274,1540.75,payment,False,2025-04-22
3,437,927.93,payment,False,2022-12-03
4,278,1241.96,deposit,False,2025-05-30
5,485,1367.74,withdrawal,False,2023-08-09
6,68,2383.9,deposit,False,2024-09-30
7,235,2207.39,payment,False,2024-07-08
8,203,323.99,payment,False,2024-02-29
9,233,104.16,payment,False,2025-09-17
10,163,1701.15,payment,False,2023-08-20
11,459,123.95,payment,False,2025-09-30
12,98,151.82,withdrawal,False,2022-11-24
13,9,399.0,payment,False,2025-01-12
14,415,879.92,payment,False,2023-07-14
15,249,1088.06,payment,False,2024-04-10
16,490,1298.93,payment,False,2022-11-19
17,480,2480.73,payment,False,2023-05-29
18,427,963.7,payment,False,2024-08-06
19,227,607.64,payment,False,2023-03-22
20,241,1438.56,payment,False,2022-12-21
21,75,538.66,payment,False,2023-01-15
22,17,2351.42,transfer,False,2025-09-30
23,51,648.88,payment,False,2025-09-30
24,228,2474.85,payment,True,2024-03-10
25,194,1047.25,payment,False,2023-08-07
26,280,2031.9,withdrawal,False,2024-09-28
27,238,1621.05,withdrawal,False,2024-03-06
28,381,2333.8,payment,False,2025-04-03
29,271,1563.94,withdrawal,False,2025-01-20
30,412,1453.46,deposit,False,2025-09-30
31,387,1632.48,transfer,False,2024-11-24
32,157,1966.38,payment,False,2025-08-22
33,254,2247.21,transfer,False,2025-09-30
34,308,667.77,withdrawal,False,2023-10-28
35,310,503.02,withdrawal,False,2023-06-13
36,314,86.84,withdrawal,False,2022-11-06
37,301,925.83,transfer,False,2025-09-30
38,118,2115.62,transfer,False,2024-09-14
39,333,175.57,payment,False,2025-09-30
40,50,1346.76,payment,False,2024-09-14
41,278,1737.28,transfer,False,2025-09-30
42,52,2092.3,payment,False,2024-08-12
43,181,1458.99,payment,False,2024-09-16
44,31,466.61,payment,False,2024-07-12
45,327,2411.38,payment,False,2025-09-30
46,496,237.53,withdrawal,False,2025-09-30
47,432,1922.73,payment,False,2025-02-27
48,246,217.31,withdrawal,False,2023-04-03
49,90,359.4,deposit,False,2024-07-27
50,31,2245.64,payment,False,2024-05-12
51,102,1882.93,payment,False,2025-04-25
52,230,914.41,deposit,False,2023-09-03
53,388,1597.17,transfer,False,2025-06-29
54,419,1143.66,payment,False,2023-02-01
55,97,167.28,withdrawal,False,2024-05-14
56,67,1803.1,payment,False,2023-02-03
57,192,1908.38,payment,False,2024-01-10
58,211,2205.97,deposit,False,2025-09-30
59,137,1352.05,payment,False,2023-07-20
60,430,1683.17,withdrawal,False,2023-11-23
61,339,1095.69,payment,False,2025-09-30
62,184,797.95,deposit,False,2025-09-30
63,56,1029.84,payment,False,2025-09-30
64,467,2279.47,payment,False,2024-12-25
65,250,411.26,payment,False,2023-09-26
66,282,622.0,payment,False,2025-09-30
67,60,1515.87,deposit,False,2023-12-30
68,128,291.59,payment,False,2024-05-31
69,205,2229.77,payment,False,2023-12-24
70,214,119.04,deposit,False,2024-07-26
71,127,1888.53,payment,False,2025-09-30
72,496,934.95,payment,False,2025-09-30
73,72,128.86,deposit,False,2023-07-12
74,216,2107.48,payment,False,2024-04-27
75,90,1601.51,payment,False,2024-06-04
76,432,23.14,payment,False,2025-05-13
77,314,669.56,payment,False,2023-04-23
78,233,880.76,withdrawal,False,2024-09-26
79,233,807.12,payment,False,2025-05-20
80,63,1246.36,payment,False,2023-02-09
81,376,1317.48,payment,False,2023-11-27
82,247,992.49,payment,False,2024-08-04
83,442,830.09,payment,False,2023-11-24
84,387,1261.52,transfer,False,2023-12-13
85,135,85.0,payment,False,2024-10-11
86,436,1613.36,payment,False,2025-09-30
87,370,1515.35,deposit,True,2024-01-25
88,446,698.77,payment,False,2025-09-30
89,2,449.61,payment,False,2025-09-14
90,161,183.39,deposit,False,2025-06-01
91,140,1468.77,payment,False,2025-09-30
92,304,1422.68,deposit,False,2023-12-14
93,460,1333.76,deposit,False,2022-10-28
94,309,2464.06,payment,False,2023-03-13
95,202,1329.33,payment,False,2022-12-04
96,125,1804.76,transfer,False,2025-09-30
97,425,283.18,withdrawal,True,2025-09-25
98,373,748.13,payment,False,2024-12-21
99,347,689.34,deposit,False,2023-02-05
100,82,1440.36,payment,False,2025-09-30
101,442,827.7,payment,False,2023-09-12
102,324,1603.03,deposit,False,2022-06-28
103,488,1725.53,payment,False,2025-09-30
104,407,85.19,deposit,False,2025-06-24
105,469,1599.75,payment,False,2024-07-30
106,164,292.85,withdrawal,False,2025-09-30
107,350,1163.37,payment,False,2024-03-02
108,240,1816.71,payment,False,2024-04-04
109,213,1758.66,payment,True,2023-09-15
110,471,750.26,payment,False,2025-06-14
111,149,681.64,withdrawal,False,2025-09-30
112,72,1101.13,withdrawal,False,2023-08-17
113,103,472.48,deposit,False,2024-07-03
114,183,2436.77,payment,False,2023-07-17
115,184,862.95,deposit,False,2025-09-30
116,13,2307.56,payment,False,2025-09-30
117,380,2270.75,payment,False,2023-07-25
118,232,912.76,payment,False,2024-10-27
119,150,635.96,transfer,False,2024-03-07
120,263,1927.32,payment,False,2025-03-26
121,24,574.22,payment,False,2025-09-30
122,189,1303.59,payment,False,2024-03-16
123,133,277.61,payment,False,2023-07-22
124,50,965.44,deposit,False,2025-02-22
125,446,196.31,payment,False,2025-03-05
126,183,709.32,payment,False,2022-08-02
127,26,1663.57,transfer,False,2025-09-30
128,499,2478.28,transfer,False,2024-10-15
129,138,637.76,payment,False,2025-04-16
130,11,1183.83,withdrawal,False,2024-01-25
131,296,1120.67,payment,False,2024-11-13
132,102,461.2,withdrawal,False,2025-09-30
133,11,1525.56,withdrawal,True,2022-09-19
134,112,1812.04,payment,False,2023-04-13
135,94,368.9,transfer,False,2025-09-30
136,260,1893.05,payment,False,2025-06-24
137,258,1750.7,withdrawal,False,2025-09-30
138,461,494.16,deposit,False,2023-10-17
139,167,1622.72,payment,False,2025-09-30
140,209,984.79,payment,False,2023-06-20
141,407,1703.16,payment,False,2025-08-30
142,45,1240.75,deposit,False,2025-04-30
143,330,121.3,deposit,False,2025-09-30
144,205,1967.63,payment,True,2024-08-06
145,426,1389.44,payment,False,2023-09-17
146,359,1812.26,payment,False,2023-07-01
147,42,316.05,withdrawal,False,2024-11-08
148,285,1803.46,withdrawal,False,2023-01-28
149,400,1034.75,payment,False,2023-11-03
150,451,1998.37,payment,False,2024-01-31
151,100,1498.32,payment,False,2023-11-25
152,444,887.9,payment,False,2023-07-07
153,388,505.59,payment,False,2024-12-26
154,356,2039.99,payment,False,2024-11-30
155,272,1400.92,withdrawal,False,2024-10-02
156,425,2468.68,payment,False,2025-07-02
157,6,934.35,payment,False,2025-08-02
158,42,1714.61,withdrawal,False,2023-09-16
159,384,1557.43,deposit,False,2024-09-23
160,441,1594.32,payment,False,2024-04-02
161,412,1842.71,payment,False,2025-09-30
162,356,348.63,transfer,False,2025-09-30
163,407,1374.56,payment,False,2025-09-24
164,253,1273.32,payment,False,2025-01-18
165,76,856.98,transfer,False,2023-10-22
166,42,1090.94,withdrawal,False,2023-06-28
167,351,1297.51,withdrawal,False,2023-07-06
168,268,802.98,payment,False,2024-08-05
169,380,733.6,payment,False,2022-06-01
170,480,1845.94,payment,False,2023-09-20
171,217,168.23,payment,False,2023-04-05
172,64,783.09,payment,False,2023-02-14
173,442,1634.62,payment,False,2023-05-03
174,179,522.72,payment,False,2025-09-30
175,29,1431.11,withdrawal,False,2025-06-22
176,275,756.11,transfer,False,2025-09-30
177,470,2108.41,withdrawal,False,2025-02-19
178,216,875.62,deposit,False,2025-01-02
179,353,574.56,payment,False,2024-09-25
180,484,1325.73,payment,False,2023-12-08
181,301,340.02,payment,False,2025-01-18
182,488,1993.91,payment,False,2025-09-30
183,54,1700.39,withdrawal,False,2025-09-30
184,366,1926.5,transfer,False,2025-09-30
185,80,997.8,deposit,False,2023-08-26
186,194,2087.67,payment,False,2022-06-03
187,200,1234.38,deposit,False,2022-02-14
188,13,237.65,payment,False,2025-09-30
189,222,560.85,payment,False,2023-07-24
190,193,1777.92,payment,False,2025-09-30
191,396,2241.16,payment,False,2025-03-15
192,369,238.87,deposit,False,2023-12-02
193,327,2160.67,payment,False,2025-09-30
194,240,1997.88,payment,False,2023-11-18
195,270,892.05,payment,False,2025-01-22
196,298,1723.5,payment,False,2024-05-25
197,99,468.19,transfer,False,2025-09-30
198,220,2033.67,transfer,True,2025-07-09
199,332,1643.69,transfer,False,2024-08-20
200,104,1097.63,payment,False,2024-03-14
201,432,2161.43,payment,False,2025-09-30
202,377,348.95,transfer,False,2022-05-15
203,408,2114.62,transfer,False,2023-12-05
204,65,60.69,payment,False,2025-09-12
205,145,1883.25,deposit,False,2024-09-25
206,38,1433.84,payment,False,2024-04-18
207,28,1742.11,transfer,False,2024-09-18
208,289,1031.45,payment,False,2025-09-30
209,408,2161.24,deposit,False,2023-05-30
210,367,783.56,payment,False,2023-03-23
211,237,688.11,payment,False,2023-10-16
212,126,755.07,payment,False,2025-02-05
213,384,1936.14,payment,False,2024-04-10
214,326,1238.73,payment,False,2022-04-14
215,85,1343.18,withdrawal,False,2025-05-20
216,237,2079.31,payment,False,2023-12-14
217,246,2083.58,withdrawal,False,2022-09-22
218,388,405.18,payment,False,2025-07-11
219,417,1374.87,payment,False,2025-09-30
220,375,315.92,withdrawal,False,2023-11-23
221,266,2171.45,payment,False,2024-08-28
222,249,2092.68,transfer,False,2022-11-05
223,292,2123.52,deposit,False,2025-09-30
224,205,1762.44,withdrawal,False,2024-05-16
225,228,1167.73,payment,False,2022-09-11
226,240,1012.4,payment,False,2023-05-12
227,73,988.67,transfer,False,2024-05-24
228,159,166.47,payment,False,2022-11-11
229,388,2372.23,deposit,False,2025-04-23
230,378,1126.24,payment,False,2025-09-30
231,212,2325.36,payment,False,2024-07-21
232,136,2198.26,withdrawal,False,2023-12-28
233,283,2071.7,transfer,False,2025-09-30
234,164,1471.18,payment,False,2025-09-30
235,137,254.79,payment,False,2024-05-27
236,171,810.45,deposit,False,2023-12-10
237,152,1509.36,payment,False,2024-12-13
238,165,34.63,payment,False,2023-03-19
239,297,107.53,payment,False,2025-09-30
240,104,1694.48,payment,False,2024-04-08
241,222,2220.62,deposit,False,2023-09-26
242,282,2138.05,transfer,False,2025-09-30
243,388,421.2,payment,False,2025-09-30
244,372,2278.17,payment,False,2025-09-30
245,129,1741.06,payment,False,2024-02-19
246,404,1791.1,payment,False,2025-05-20
247,220,760.8,payment,False,2025-09-16
248,173,1790.28,withdrawal,False,2023-08-05
249,472,1774.72,payment,False,2024-06-05
250,348,1487.07,withdrawal,False,2024-05-27
251,476,893.86,transfer,False,2023-05-16
252,453,2027.73,deposit,False,2025-09-30
253,96,2343.86,payment,False,2025-09-30
254,52,2174.85,payment,False,2024-07-21
255,94,608.21,payment,False,2025-09-30
256,64,1114.74,deposit,False,2024-03-01
257,21,856.69,transfer,False,2025-01-17
258,106,1768.99,deposit,False,2025-09-30
259,336,2078.89,payment,False,2022-03-24
260,200,540.27,payment,False,2022-09-05
261,332,2368.24,transfer,False,2024-04-08
262,352,1693.65,deposit,False,2025-09-18
263,281,546.9,deposit,True,2024-06-16
264,451,928.37,payment,False,2023-12-02
265,282,262.41,payment,False,2025-01-10
266,100,1493.08,payment,False,2025-04-17
267,337,423.81,transfer,False,2025-09-30
268,27,1733.03,transfer,False,2024-09-12
269,245,1843.38,payment,False,2025-09-30
270,436,1198.86,withdrawal,False,2025-06-20
271,63,235.45,payment,False,2023-09-18
272,342,1527.57,payment,False,2024-05-18
273,374,931.14,payment,False,2025-02-03
274,429,2374.17,payment,False,2025-02-16
275,442,1283.5,payment,False,2024-11-30
276,38,181.59,payment,False,2024-06-15
277,419,1590.49,deposit,False,2022-11-16
278,302,1948.6,payment,False,2024-11-15
279,127,402.1,deposit,False,2025-09-30
280,71,1123.19,payment,False,2025-09-09
281,387,1858.25,deposit,False,2023-09-21
282,134,52.21,transfer,False,2022-08-15
283,253,73.4,payment,False,2025-03-24
284,13,1692.6,payment,False,2025-09-30
285,174,1813.09,payment,False,2022-08-04
286,463,2114.83,payment,False,2023-04-30
287,90,999.6,payment,False,2024-09-24
288,368,975.05,payment,False,2025-01-19
289,289,1381.37,deposit,False,2025-09-30
290,207,1893.56,payment,False,2025-09-30
291,62,1602.84,payment,False,2023-04-22
292,319,818.98,payment,False,2025-08-15
293,312,867.02,payment,False,2024-05-06
294,39,1907.75,withdrawal,False,2025-09-30
295,60,1337.08,payment,False,2024-01-10
296,105,245.84,transfer,False,2023-05-24
297,239,383.33,payment,False,2024-01-17
298,462,2128.12,payment,False,2024-04-30
299,127,2497.01,payment,False,2025-09-30
300,83,839.87,payment,False,2023-10-27
301,220,967.37,deposit,False,2025-09-30
302,408,387.07,transfer,False,2023-11-15
303,434,590.05,payment,False,2024-09-24
304,105,1062.15,deposit,False,2022-09-26
305,417,711.69,payment,False,2025-08-30
306,460,1753.86,payment,False,2024-02-14
307,74,1345.09,payment,False,2025-09-30
308,135,2055.92,transfer,False,2024-04-02
309,430,1811.59,payment,False,2023-06-19
310,378,321.12,payment,False,2025-09-30
311,62,309.35,payment,False,2023-05-14
312,1,2239.23,deposit,False,2023-10-22
313,79,2048.96,withdrawal,False,2025-09-30
314,374,1170.33,payment,False,2024-04-14
315,65,326.78,transfer,False,2025-07-13
316,429,2246.54,transfer,False,2024-08-18
317,468,577.52,deposit,False,2025-03-15
318,183,89.8,deposit,False,2023-10-14
319,66,2310.67,deposit,False,2025-05-12
320,323,2022.53,payment,False,2025-07-06
321,356,1734.01,payment,False,2024-09-30
322,208,86.04,payment,False,2025-09-30
323,54,1321.55,transfer,False,2025-09-30
324,221,1634.44,deposit,False,2025-09-30
325,236,1898.61,payment,False,2023-06-13
326,377,1178.21,payment,False,2023-12-24
327,100,2383.42,deposit,False,2024-10-22
328,447,612.71,withdrawal,False,2024-10-19
329,438,175.27,payment,False,2025-02-25
330,492,832.58,payment,False,2024-08-31
331,103,1654.85,payment,False,2024-07-11
332,436,1843.16,transfer,False,2025-09-30
333,182,1846.5,deposit,False,2025-09-30
334,451,277.57,transfer,False,2024-03-20
335,421,2212.84,payment,False,2025-09-30
336,108,702.8,deposit,False,2025-07-23
337,12,525.57,payment,False,2024-02-28
338,443,1536.53,payment,False,2025-09-29
339,404,530.41,payment,False,2025-06-06
340,343,1270.59,transfer,False,2024-05-03
341,86,1018.17,withdrawal,False,2025-09-30
342,288,580.85,payment,False,2025-09-22
343,327,730.86,transfer,False,2025-09-30
344,214,1069.09,payment,False,2025-09-16
345,44,866.05,deposit,False,2025-09-30
346,322,954.56,deposit,False,2024-08-26
347,78,1838.85,withdrawal,False,2023-09-08
348,55,421.78,withdrawal,False,2024-09-23
349,272,1569.42,payment,False,2023-11-21
350,344,1695.72,transfer,False,2025-09-30
351,71,2005.42,payment,False,2025-09-30
352,68,2118.47,payment,False,2025-05-17
353,180,397.51,payment,False,2024-07-01
354,380,346.51,payment,False,2022-09-17
355,421,1537.31,payment,False,2025-09-30
356,174,1892.53,deposit,False,2023-03-06
357,169,681.54,payment,False,2025-09-30
358,389,1315.09,payment,False,2023-03-01
359,450,1930.83,withdrawal,False,2023-04-20
360,261,1918.99,deposit,False,2024-07-31
361,447,1634.9,payment,False,2024-10-15
362,125,197.89,withdrawal,False,2025-09-30
363,131,127.56,payment,False,2025-05-18
364,234,971.72,payment,False,2025-09-30
365,392,67.69,payment,False,2022-03-17
366,154,2260.46,deposit,False,2022-05-14
367,330,51.34,payment,False,2025-09-30
368,125,75.0,payment,False,2025-09-30
369,354,414.15,withdrawal,True,2025-09-30
370,494,1567.91,withdrawal,False,2024-12-09
371,379,1354.34,payment,False,2025-09-30
372,100,1649.06,payment,False,2025-03-13
373,53,2233.99,withdrawal,False,2025-09-30
374,332,1137.91,deposit,False,2025-07-09
375,468,110.65,payment,False,2025-04-03
376,128,1908.98,payment,False,2025-04-27
377,413,2030.1,withdrawal,False,2025-09-09
378,14,125.67,deposit,False,2025-09-30
379,496,607.88,deposit,False,2025-09-30
380,5,1926.72,withdrawal,False,2022-11-19
381,250,941.01,payment,False,2023-09-07
382,368,1182.16,withdrawal,False,2024-03-08
383,27,2058.12,payment,False,2024-11-25
384,125,237.45,payment,False,2025-09-30
385,452,1693.53,transfer,False,2024-08-13
386,29,538.25,transfer,False,2024-12-13
387,3,157.57,withdrawal,False,2023-01-23
388,481,1656.58,payment,False,2025-09-30
389,414,304.41,withdrawal,False,2025-02-16
390,228,1867.77,withdrawal,False,2024-01-24
391,137,507.56,payment,False,2023-12-04
392,257,122.23,withdrawal,False,2023-09-22
393,240,249.14,payment,False,2023-02-08
394,279,2103.33,payment,False,2023-02-14
395,323,928.05,deposit,False,2025-09-30
396,160,756.36,transfer,False,2022-11-28
397,472,1228.51,deposit,False,2022-12-11
398,6,1582.7,withdrawal,False,2025-06-22
399,461,93.72,payment,False,2023-02-01
400,305,2245.57,payment,False,2022-12-18
401,143,2396.24,payment,False,2025-09-30
402,442,1043.85,withdrawal,False,2024-12-23
403,181,1032.16,payment,False,2024-08-13
404,30,2196.52,payment,False,2025-06-18
405,460,1073.85,transfer,False,2023-11-04
406,253,2140.62,payment,False,2025-03-12
407,40,71.81,payment,False,2025-09-30
408,187,1224.64,payment,False,2025-06-26
409,319,2381.12,payment,False,2025-06-01
410,304,632.76,payment,False,2025-03-17
411,227,666.12,withdrawal,False,2023-06-18
412,220,1575.68,payment,False,2025-09-30
413,380,2315.55,deposit,False,2022-11-10
414,324,497.66,payment,False,2023-12-08
415,391,2304.21,payment,False,2025-09-30
416,431,1657.85,withdrawal,False,2025-03-28
417,43,2482.63,payment,False,2025-09-30
418,144,1841.41,payment,False,2023-12-14
419,278,1669.83,payment,False,2025-09-30
420,319,2037.44,payment,False,2023-11-23
421,174,438.68,deposit,False,2023-01-14
422,247,2365.02,payment,False,2025-09-04
423,173,414.82,payment,False,2024-10-27
424,41,65.15,payment,False,2024-05-31
425,409,1744.94,payment,False,2025-07-20
426,50,462.3,payment,False,2024-10-08
427,323,1897.12,payment,False,2025-09-30
428,180,1987.8,payment,False,2023-12-17
429,342,592.51,payment,False,2024-05-18
430,159,217.71,payment,False,2022-11-12
431,37,1252.55,payment,False,2025-05-08
432,406,2225.66,withdrawal,False,2023-02-04
433,27,2118.38,payment,False,2025-02-07
434,376,293.59,payment,False,2023-01-09
435,386,2411.99,payment,False,2024-08-27
436,256,660.61,transfer,False,2025-09-30
437,278,874.13,deposit,False,2025-09-30
438,249,373.48,deposit,False,2023-02-26
439,181,945.13,payment,False,2024-09-19
440,17,1589.47,payment,False,2025-09-30
441,368,1265.69,withdrawal,False,2024-08-11
442,125,2069.02,payment,False,2025-09-30
443,312,1603.61,payment,False,2025-01-02
444,212,659.6,payment,False,2024-06-21
445,472,1394.04,payment,False,2023-09-15
446,237,161.41,payment,False,2022-10-11
447,415,1452.4,payment,False,2024-05-04
448,500,974.77,withdrawal,False,2025-05-12
449,299,246.9,payment,False,2024-09-24
450,200,769.35,payment,False,2023-11-16
451,377,2245.32,withdrawal,False,2022-09-25
452,181,1465.51,payment,False,2025-05-19
453,389,2258.26,withdrawal,False,2023-12-10
454,130,1027.6,deposit,False,2025-09-30
455,121,2447.29,payment,False,2025-09-30
456,187,900.69,payment,False,2025-09-30
457,388,1892.25,withdrawal,False,2025-09-30
458,227,764.2,payment,False,2023-09-19
459,162,265.87,payment,False,2025-09-30
460,451,2082.81,payment,False,2024-06-15
461,112,1906.69,deposit,False,2024-05-11
462,468,2051.75,transfer,False,2024-04-04
463,457,749.94,payment,False,2025-09-30
464,134,1759.45,payment,False,2022-08-10
465,186,550.59,payment,False,2023-04-30
466,175,29.27,payment,False,2025-06-22
467,261,2166.36,payment,False,2024-07-12
468,317,1309.29,payment,False,2023-08-22
469,489,2459.15,withdrawal,False,2025-05-22
470,312,963.2,payment,False,2025-06-21
471,358,2392.23,transfer,False,2025-04-13
472,419,1538.03,payment,False,2022-07-02
473,375,1281.0,payment,False,2024-10-28
474,479,757.72,deposit,False,2023-02-21
475,269,2063.37,payment,False,2024-05-30
476,282,2072.16,payment,False,2025-07-27
477,470,1042.91,payment,False,2024-10-31
478,224,1818.51,transfer,False,2025-09-30
479,252,1118.65,payment,False,2023-12-14
480,64,1849.41,payment,False,2023-07-14
481,463,2485.48,deposit,False,2023-09-15
482,395,656.98,payment,False,2025-09-30
483,318,1585.5,payment,False,2024-04-09
484,464,950.32,payment,False,2022-11-11
485,431,1371.38,payment,False,2025-08-17
486,124,2185.49,payment,False,2024-05-04
487,70,869.59,payment,False,2025-07-22
488,238,181.9,payment,False,2024-06-01
489,75,1997.54,withdrawal,False,2023-10-25
490,442,1388.01,payment,False,2024-07-07
491,500,1124.05,payment,False,2025-09-02
492,10,459.15,transfer,False,2023-06-13
493,400,233.04,payment,False,2023-04-10
494,268,697.56,payment,False,2024-08-24
495,455,1797.54,deposit,False,2025-09-30
496,487,1030.02,deposit,False,2025-09-30
497,475,1426.0,payment,False,2023-09-09
498,88,206.03,withdrawal,False,2024-09-15
499,50,308.98,withdrawal,False,2025-09-30
500,143,29.25,withdrawal,False,2025-02-16
501,59,1683.54,deposit,False,2024-08-03
502,454,661.87,withdrawal,False,2025-01-27
503,318,2417.35,transfer,False,2023-05-16
504,211,771.83,deposit,False,2025-09-30
505,72,909.68,payment,False,2023-02-16
506,244,1174.26,transfer,False,2024-08-31
507,239,798.53,payment,False,2023-07-10
508,190,2043.79,withdrawal,False,2025-09-30
509,484,2190.64,deposit,False,2024-01-01
510,50,28.58,payment,False,2025-09-05
511,205,1637.0,payment,False,2023-12-15
512,54,1715.53,transfer,False,2025-09-30
513,310,2403.6,payment,False,2022-11-07
514,481,926.63,payment,False,2025-09-30
515,224,489.0,payment,False,2025-09-30
516,156,1301.93,payment,False,2025-03-06
517,360,1119.44,deposit,False,2025-09-30
518,51,1979.54,payment,False,2025-09-30
519,241,2260.03,transfer,False,2023-02-08
520,330,217.68,transfer,False,2025-09-30
521,161,2116.6,withdrawal,False,2024-02-25
522,129,2272.52,withdrawal,False,2024-12-21
523,85,2310.42,payment,False,2025-04-24
524,69,1911.01,payment,False,2025-09-30
525,385,1855.46,payment,False,2024-01-07
526,373,38.23,deposit,False,2025-09-30
527,55,2300.56,payment,False,2024-10-05
528,85,879.41,deposit,False,2024-10-12
529,345,103.76,payment,False,2025-09-30
530,468,1033.04,payment,False,2024-07-27
531,429,1832.4,payment,False,2024-09-11
532,329,1105.45,payment,False,2023-11-02
533,80,1895.27,deposit,False,2023-09-07
534,220,1274.01,withdrawal,False,2025-09-30
535,424,749.27,deposit,False,2025-09-30
536,110,508.08,deposit,False,2025-05-21
537,253,1053.34,payment,False,2025-02-26
538,497,90.47,payment,False,2025-07-29
539,317,1056.94,payment,False,2023-06-09
540,164,172.48,payment,False,2024-09-08
541,103,2192.63,payment,False,2023-06-20
542,113,1439.13,payment,False,2025-09-30
543,252,1615.46,deposit,False,2024-03-18
544,152,722.87,payment,False,2024-12-17
545,336,565.33,payment,False,2023-07-17
546,398,1770.06,payment,False,2025-06-15
547,368,1679.24,payment,False,2024-03-05
548,251,307.57,payment,False,2023-09-11
549,354,597.36,payment,False,2025-09-30
550,88,2366.49,transfer,False,2025-09-30
551,495,761.14,payment,False,2025-03-03
552,459,65.55,deposit,False,2025-05-01
553,493,160.39,withdrawal,False,2022-03-15
554,100,1938.96,payment,False,2024-10-02
555,120,1893.13,transfer,False,2024-07-22
556,385,955.19,payment,False,2023-07-04
557,303,383.85,payment,False,2025-09-30
558,204,1245.76,payment,False,2025-06-18
559,149,830.39,deposit,False,2025-09-30
560,201,935.55,payment,False,2024-04-12
561,295,653.2,payment,False,2025-09-30
562,3,158.08,payment,False,2024-02-27
563,400,1978.11,withdrawal,False,2023-08-08
564,68,1545.93,payment,False,2024-08-20
565,154,2086.75,payment,False,2022-04-07
566,494,1258.5,payment,False,2024-01-22
567,182,2462.48,payment,False,2025-09-30
568,13,2406.35,withdrawal,False,2025-09-30
569,189,680.19,payment,False,2025-09-30
570,20,968.06,deposit,False,2024-08-10
571,339,1882.02,withdrawal,False,2025-09-30
572,283,1941.73,payment,False,2025-09-30
573,386,2276.84,payment,False,2025-02-07
574,10,1631.93,transfer,False,2023-07-29
575,188,1188.33,payment,False,2023-07-04
576,345,944.75,payment,False,2025-09-30
577,19,1048.53,withdrawal,False,2022-09-17
578,143,2126.16,payment,False,2025-02-13
579,103,2450.04,withdrawal,False,2024-10-13
580,303,130.72,withdrawal,False,2025-06-15
581,241,1451.03,payment,False,2023-02-21
582,152,1300.61,payment,False,2025-08-01
583,272,940.98,transfer,False,2024-06-16
584,337,2129.09,payment,False,2025-06-22
585,188,1439.78,payment,False,2023-04-02
586,464,783.48,deposit,False,2024-04-11
587,210,1110.82,payment,False,2025-09-30
588,177,892.65,transfer,False,2024-06-19
589,388,1075.78,payment,False,2025-09-30
590,194,179.09,payment,False,2023-11-23
591,177,280.68,payment,False,2025-03-12
592,369,1559.61,deposit,False,2022-09-12
593,415,1710.49,transfer,False,2024-10-25
594,66,1591.91,payment,False,2024-12-31
595,310,1907.93,payment,False,2022-06-18
596,2,2358.89,payment,False,2025-09-30
597,317,2151.69,payment,False,2024-10-23
598,271,1046.86,payment,False,2025-01-26
599,60,544.64,deposit,False,2024-02-15
600,368,780.32,transfer,False,2023-11-22
601,43,1469.77,deposit,False,2024-12-26
602,93,2140.66,payment,False,2024-04-26
603,226,1754.61,deposit,False,2024-11-16
604,424,1357.99,deposit,False,2025-09-30
605,480,1505.09,payment,False,2024-10-07
606,469,1321.12,transfer,False,2024-09-27
607,286,2429.1,payment,False,2022-11-19
608,63,2040.41,payment,False,2022-11-12
609,280,1953.41,payment,False,2024-07-12
610,428,1293.81,payment,False,2022-11-22
611,14,830.19,payment,False,2025-03-16
612,28,49.77,transfer,False,2024-07-14
613,142,109.53,withdrawal,False,2024-11-24
614,440,76.56,withdrawal,False,2025-09-30
615,108,2451.21,payment,False,2025-07-19
616,290,287.09,payment,False,2023-09-08
617,78,356.16,payment,False,2024-01-06
618,247,1210.89,payment,False,2024-10-12
619,473,1204.02,withdrawal,False,2024-11-24
620,12,2300.01,payment,False,2025-01-22
621,184,184.76,payment,False,2025-08-04
622,317,2393.14,deposit,False,2024-08-11
623,361,541.76,payment,False,2025-08-26
624,445,2425.41,payment,False,2024-07-06
625,296,1353.77,transfer,False,2025-03-30
626,404,1630.38,transfer,True,2025-09-05
627,240,790.01,payment,False,2023-01-14
628,426,1529.95,payment,False,2024-07-23
629,263,1777.36,payment,False,2025-09-30
630,335,26.92,payment,False,2023-08-10
631,377,86.54,payment,False,2023-06-24
632,73,2466.21,payment,False,2024-04-05
633,68,1144.44,withdrawal,False,2025-01-07
634,287,2339.61,payment,False,2025-04-15
635,471,1825.01,transfer,True,2025-04-27
636,326,933.05,payment,False,2022-09-16
637,220,377.95,withdrawal,False,2025-09-30
638,460,2445.4,withdrawal,False,2023-05-28
639,47,1461.66,transfer,False,2024-08-16
640,435,481.7,transfer,False,2025-09-30
641,58,1704.45,withdrawal,False,2023-11-02
642,406,231.03,withdrawal,False,2024-11-03
643,24,2170.23,withdrawal,False,2025-07-23
644,290,226.25,payment,False,2023-05-31
645,319,591.25,payment,False,2023-12-19
646,444,229.49,payment,False,2024-11-08
647,403,260.36,withdrawal,False,2025-09-30
648,24,1310.06,payment,False,2025-09-30
649,64,1717.79,payment,False,2023-09-10
650,255,1971.42,payment,False,2025-09-30
651,148,1737.94,payment,False,2025-09-26
652,116,909.36,deposit,False,2024-03-31
653,98,1393.66,payment,False,2023-09-16
654,239,2319.23,deposit,False,2022-09-17
655,283,969.55,withdrawal,False,2025-09-30
656,442,631.76,payment,False,2024-11-22
657,300,1298.78,withdrawal,False,2024-07-24
658,93,744.04,payment,False,2025-09-30
659,65,655.28,payment,False,2025-09-30
660,375,1947.23,payment,False,2025-03-21
661,174,2227.2,transfer,False,2023-09-09
662,484,1256.29,transfer,False,2023-09-09
663,310,1949.68,transfer,False,2022-01-27
664,376,468.54,deposit,False,2023-12-10
665,235,1369.56,payment,False,2023-06-19
666,167,1590.86,payment,False,2025-09-30
667,237,1227.17,deposit,False,2023-06-09
668,494,293.08,deposit,False,2023-09-27
669,7,1835.52,payment,False,2025-09-30
670,310,2097.86,deposit,False,2022-12-16
671,43,1588.43,payment,False,2025-09-30
672,276,423.73,payment,False,2024-10-16
673,340,187.31,payment,False,2025-09-30
674,153,754.71,payment,False,2024-09-10
675,43,93.44,withdrawal,False,2025-09-30
676,213,2098.21,transfer,False,2023-06-11
677,201,1757.95,payment,False,2023-04-14
678,383,1409.66,deposit,False,2024-02-16
679,155,2224.19,withdrawal,False,2023-11-18
680,220,276.12,withdrawal,False,2025-09-30
681,153,1786.43,payment,False,2025-09-30
682,36,367.43,transfer,False,2025-01-23
683,226,153.25,payment,False,2024-04-08
684,322,333.13,payment,False,2024-12-15
685,121,2377.4,withdrawal,False,2025-09-30
686,9,1101.64,payment,False,2023-03-10
687,339,123.44,payment,False,2025-09-30
688,335,1459.5,payment,False,2024-04-21
689,181,500.09,payment,False,2024-08-06
690,21,18.08,payment,False,2025-02-03
691,434,1896.21,payment,False,2025-01-03
692,272,388.0,deposit,False,2024-02-11
693,194,2356.27,payment,False,2023-05-04
694,26,1482.41,payment,False,2025-09-30
695,428,218.4,deposit,False,2022-08-14
696,285,545.34,payment,False,2023-10-26
697,481,1527.5,withdrawal,False,2025-09-30
698,98,845.94,payment,False,2023-05-29
699,430,1330.83,payment,False,2022-07-07
700,219,1998.98,withdrawal,False,2025-09-30
701,327,1981.71,payment,False,2025-09-30
702,433,1745.27,withdrawal,False,2022-06-06
703,399,2215.25,payment,False,2023-02-12
704,273,499.2,payment,False,2025-01-03
705,393,443.93,withdrawal,False,2025-02-26
706,461,1998.57,payment,False,2022-11-01
707,288,802.9,withdrawal,False,2025-09-30
708,66,1280.94,payment,False,2025-04-01
709,315,1860.14,payment,False,2024-12-07
710,416,990.43,withdrawal,False,2024-02-14
711,111,326.28,deposit,False,2025-09-30
712,212,1698.96,payment,False,2024-10-21
713,171,2043.08,deposit,False,2022-06-27
714,339,32.98,payment,False,2025-09-30
715,366,1406.82,deposit,False,2025-09-30
716,475,1174.04,payment,False,2023-05-24
717,484,649.73,payment,False,2024-02-22
718,59,403.41,payment,False,2023-12-28
719,30,470.91,deposit,False,2025-07-23
720,267,1812.71,payment,False,2023-10-10
721,464,1340.95,payment,False,2023-02-16
722,375,2452.9,deposit,False,2024-08-30
723,154,608.83,payment,False,2022-08-21
724,350,2392.3,payment,False,2023-06-02
725,2,1288.26,withdrawal,False,2024-08-10
726,418,365.92,payment,False,2025-01-26
727,169,371.3,payment,False,2025-09-30
728,214,1521.81,withdrawal,False,2025-05-01
729,251,2078.73,payment,False,2024-04-29
730,31,1869.53,payment,False,2024-07-08
731,319,1639.41,payment,False,2025-05-19
732,183,431.1,payment,False,2022-09-02
733,373,271.74,payment,False,2024-12-06
734,189,1.62,payment,False,2024-10-10
735,213,255.38,payment,False,2023-07-28
736,127,1916.15,deposit,False,2025-09-30
737,292,2238.23,deposit,False,2025-06-27
738,296,601.64,deposit,False,2024-10-14
739,23,1987.44,withdrawal,False,2024-04-21
740,410,497.92,payment,False,2023-12-30
741,18,623.93,payment,False,2023-05-15
742,79,561.17,transfer,False,2025-09-30
743,34,130.27,deposit,False,2025-09-30
744,470,485.96,withdrawal,False,2024-08-05
745,412,934.48,payment,False,2025-09-30
746,107,1014.27,withdrawal,False,2023-05-12
747,305,774.36,payment,False,2023-02-18
748,448,1287.3,transfer,False,2025-04-21
749,199,945.62,payment,False,2025-09-30
750,191,2425.94,payment,False,2024-08-08
751,232,2018.57,payment,False,2025-04-19
752,62,2327.51,payment,False,2023-07-05
753,42,1394.01,payment,False,2023-10-05
754,24,1696.17,payment,False,2025-09-30
755,163,417.52,payment,False,2023-08-18
756,461,1882.21,payment,False,2023-04-19
757,183,590.69,transfer,True,2023-01-30
758,433,365.44,payment,False,2023-09-01
759,333,105.61,payment,False,2025-09-30
760,95,1181.1,payment,False,2025-09-30
761,443,717.69,payment,False,2024-12-22
762,83,2466.83,deposit,False,2023-05-17
763,93,625.34,payment,False,2024-10-25
764,278,2166.49,payment,False,2025-09-30
765,105,791.78,payment,False,2023-06-28
766,85,1873.07,payment,False,2025-06-06
767,61,1649.94,payment,False,2024-01-13
768,208,1404.9,payment,False,2025-09-30
769,158,1042.65,payment,False,2025-09-30
770,69,1678.09,withdrawal,False,2025-09-30
771,489,1018.79,withdrawal,False,2025-03-09
772,444,1370.7,payment,False,2023-12-10
773,489,1474.91,withdrawal,False,2024-05-24
774,262,669.12,payment,False,2023-04-29
775,341,850.0,payment,True,2025-09-30
776,234,46.11,payment,False,2025-09-30
777,370,2130.55,payment,False,2024-12-21
778,139,1890.2,payment,False,2024-04-22
779,280,459.64,withdrawal,False,2024-01-29
780,476,905.76,payment,False,2023-03-24
781,335,1053.25,payment,False,2025-02-15
782,231,836.61,transfer,False,2025-01-20
783,366,1995.81,payment,True,2025-09-30
784,360,1813.83,payment,False,2025-09-30
785,51,1918.13,payment,False,2025-09-30
786,239,2260.42,withdrawal,False,2022-11-08
787,19,1488.28,payment,False,2023-08-22
788,178,1536.72,payment,False,2025-09-25
789,209,1805.11,withdrawal,False,2024-12-20
790,387,1703.4,payment,False,2025-01-07
791,131,2174.66,payment,False,2025-09-30
792,231,1925.73,transfer,False,2025-09-30
793,384,302.03,payment,False,2023-12-19
794,92,2320.97,transfer,False,2023-03-16
795,31,1708.07,deposit,True,2023-10-23
796,362,318.74,payment,False,2024-03-04
797,249,1930.16,deposit,False,2024-07-22
798,124,896.67,withdrawal,False,2023-03-08
799,369,2015.14,deposit,False,2023-02-17
800,431,2388.56,payment,False,2025-09-30
801,136,638.85,payment,False,2024-02-24
802,273,2143.67,payment,False,2024-07-14
803,355,1934.13,payment,False,2025-06-27
804,100,1678.29,payment,False,2025-05-26
805,219,962.92,withdrawal,False,2025-09-30
806,104,275.55,transfer,False,2024-02-04
807,301,1210.26,payment,False,2024-12-31
808,97,265.06,deposit,False,2024-09-27
809,316,1250.87,payment,False,2025-09-30
810,370,2050.91,withdrawal,False,2023-07-26
811,203,2494.1,withdrawal,False,2023-02-03
812,21,495.82,payment,False,2024-11-29
813,198,520.44,payment,False,2025-09-30
814,112,2027.4,deposit,False,2023-03-08
815,149,1173.18,payment,False,2025-09-30
816,381,2289.6,payment,False,2025-03-28
817,243,1922.72,transfer,False,2023-09-11
818,442,1841.33,transfer,False,2024-11-10
819,183,255.78,deposit,False,2023-07-06
820,284,90.65,deposit,False,2025-01-21
821,337,792.59,payment,False,2025-09-30
822,338,544.03,payment,False,2025-09-30
823,459,1781.06,transfer,False,2025-09-30
824,302,1127.38,withdrawal,False,2025-09-30
825,300,1308.34,withdrawal,False,2025-01-08
826,89,2034.54,payment,False,2024-12-25
827,222,1196.78,deposit,False,2024-07-17
828,500,1362.77,payment,False,2025-08-05
829,248,2105.96,payment,False,2025-07-24
830,409,1078.91,payment,False,2025-09-30
831,455,208.73,withdrawal,False,2025-09-16
832,177,1304.74,withdrawal,False,2025-08-29
833,485,1448.82,payment,False,2024-07-02
834,118,1279.98,payment,False,2024-06-25
835,174,645.87,deposit,False,2023-04-05
836,219,560.0,transfer,False,2025-05-17
837,376,925.02,payment,True,2022-06-26
838,218,416.41,deposit,False,2022-10-08
839,319,1665.39,transfer,False,2024-11-05
840,77,1537.07,payment,False,2023-12-09
841,88,1581.36,payment,False,2024-12-03
842,396,562.77,transfer,False,2024-07-06
843,78,617.08,payment,False,2024-10-12
844,441,1968.69,payment,False,2024-06-27
845,201,1725.59,withdrawal,False,2023-09-29
846,64,2188.07,withdrawal,False,2023-07-30
847,415,1009.36,withdrawal,False,2025-01-22
848,4,1368.77,withdrawal,False,2025-04-13
849,438,1847.21,withdrawal,False,2024-06-22
850,83,2435.41,payment,False,2024-02-04
851,193,2474.09,payment,False,2025-09-30
852,477,2497.94,payment,False,2023-12-15
853,493,2226.43,deposit,False,2023-05-16
854,6,1599.49,transfer,False,2025-01-06
855,193,18.42,payment,False,2025-06-25
856,217,1749.16,payment,True,2024-04-24
857,347,597.26,transfer,False,2023-10-21
858,22,143.86,payment,False,2023-04-25
859,145,1743.26,payment,False,2025-06-21
860,443,1890.27,deposit,False,2025-08-14
861,285,1648.92,payment,False,2024-03-25
862,451,913.56,payment,False,2023-06-04
863,145,1278.0,transfer,False,2023-11-22
864,2,2337.43,transfer,False,2025-01-26
865,288,1824.3,payment,False,2025-09-30
866,406,1262.21,deposit,False,2023-03-29
867,359,1484.03,withdrawal,False,2023-08-27
868,225,2319.28,payment,False,2025-09-30
869,442,985.06,transfer,False,2023-04-25
870,437,255.51,payment,False,2023-05-11
871,214,815.24,payment,False,2025-01-21
872,431,1038.59,payment,False,2025-09-17
873,388,683.14,withdrawal,False,2025-09-30
874,166,1322.9,payment,False,2025-09-30
875,373,762.84,deposit,False,2025-09-30
876,141,258.85,withdrawal,False,2025-09-30
877,317,470.98,payment,False,2024-03-15
878,471,2295.47,withdrawal,False,2025-03-12
879,64,1574.36,payment,False,2023-10-18
880,333,786.46,payment,False,2025-09-30
881,212,917.93,payment,False,2024-06-22
882,289,1233.96,payment,False,2025-01-17
883,98,1683.15,payment,False,2022-11-05
884,166,1455.87,deposit,False,2025-07-15
885,126,2331.81,payment,False,2025-03-18
886,157,1564.75,payment,False,2025-09-30
887,250,2277.07,payment,False,2023-03-11
888,61,14.57,payment,False,2024-07-14
889,32,2226.51,payment,False,2024-09-10
890,395,1803.93,payment,False,2025-09-28
891,274,431.31,payment,False,2024-09-11
892,301,658.33,payment,False,2025-02-19
893,21,1357.48,payment,False,2024-12-15
894,12,313.22,payment,False,2025-03-11
895,244,1963.64,payment,False,2023-12-28
896,103,1978.14,deposit,False,2024-02-14
897,276,753.07,transfer,False,2025-09-30
898,7,175.47,withdrawal,False,2024-10-16
899,347,2472.13,payment,False,2024-03-09
900,455,627.57,payment,False,2025-09-11
901,130,169.83,payment,False,2025-09-30
902,299,825.58,payment,False,2024-02-13
903,97,2422.54,payment,False,2024-11-19
904,277,1982.53,payment,False,2024-11-09
905,285,1201.35,payment,False,2023-03-03
906,288,764.02,payment,False,2025-09-30
907,173,1058.84,payment,False,2024-08-19
908,332,44.4,payment,False,2025-04-18
909,205,1796.21,payment,True,2023-03-10
910,103,250.01,payment,False,2023-09-10
911,492,1298.07,payment,False,2025-09-30
912,113,1415.05,payment,False,2025-02-14
913,443,5.22,payment,False,2024-06-01
914,360,2449.72,payment,False,2025-09-30
915,131,756.05,payment,False,2025-09-30
916,39,193.98,payment,False,2025-09-30
917,307,2136.12,withdrawal,False,2023-05-11
918,372,380.73,transfer,False,2025-09-30
919,8,63.36,transfer,False,2022-09-07
920,366,1237.23,payment,False,2025-09-30
921,46,325.66,payment,False,2023-11-01
922,194,2456.08,payment,False,2023-12-10
923,6,27.02,transfer,False,2025-08-10
924,368,128.94,deposit,False,2023-09-17
925,58,2083.38,deposit,False,2023-09-24
926,169,600.14,payment,False,2025-09-30
927,122,2279.08,payment,False,2025-09-30
928,249,778.53,payment,False,2023-03-24
929,207,175.39,transfer,False,2024-12-12
930,115,27.47,payment,False,2025-09-25
931,239,707.14,payment,False,2023-08-25
932,54,1184.85,payment,False,2025-09-30
933,76,3.54,deposit,False,2023-09-15
934,169,1453.19,payment,False,2025-09-30
935,48,834.82,deposit,False,2025-09-30
936,224,975.99,payment,False,2025-09-30
937,70,654.27,payment,False,2024-05-25
938,500,1323.08,payment,False,2025-09-30
939,155,576.08,deposit,False,2024-06-30
940,47,337.92,deposit,False,2024-01-06
941,461,2226.73,payment,False,2023-04-20
942,373,977.0,payment,False,2025-09-30
943,279,193.25,payment,False,2023-05-10
944,202,576.58,payment,False,2022-11-30
945,142,775.55,payment,False,2023-11-28
946,317,1924.35,withdrawal,False,2024-02-19
947,451,56.62,payment,False,2023-05-17
948,126,1196.15,payment,False,2024-03-23
949,332,1019.82,withdrawal,False,2025-09-30
950,153,2421.03,transfer,False,2025-09-30
951,65,451.01,payment,False,2025-01-27
952,96,1570.05,payment,False,2025-08-24
953,408,506.29,deposit,False,2023-08-08
954,181,1371.51,payment,False,2024-06-09
955,496,1388.1,payment,False,2025-09-30
956,362,189.29,deposit,False,2024-10-15
957,457,1141.67,deposit,False,2025-09-30
958,178,1153.43,withdrawal,False,2024-10-17
959,129,798.52,payment,False,2023-11-01
960,490,693.62,payment,False,2023-04-03
961,39,561.52,payment,False,2025-09-30
962,458,15.85,payment,False,2025-04-14
963,300,5.54,payment,False,2024-08-04
964,491,1474.88,payment,False,2025-01-07
965,361,729.37,payment,False,2025-09-30
966,350,420.55,withdrawal,False,2023-09-11
967,133,1712.15,deposit,False,2023-11-03
968,379,1322.73,payment,False,2025-09-30
969,452,2287.48,payment,False,2025-04-15
970,500,2077.71,payment,False,2025-09-30
971,380,1817.1,payment,False,2022-05-21
972,109,317.33,payment,False,2025-09-30
973,72,1665.56,deposit,False,2023-04-21
974,208,1735.12,payment,False,2025-09-30
975,65,1908.57,payment,False,2025-09-30
976,241,658.57,payment,False,2022-06-05
977,79,1601.1,payment,False,2025-09-30
978,88,1546.08,payment,False,2025-07-22
979,399,963.89,deposit,False,2022-11-09
980,178,1659.1,deposit,False,2024-06-28
981,262,217.65,withdrawal,False,2023-07-29
982,66,1609.12,payment,False,2025-07-26
983,325,1515.43,deposit,False,2025-09-30
984,371,527.35,payment,False,2025-09-30
985,423,2045.72,deposit,False,2023-10-21
986,105,2186.16,payment,False,2023-09-16
987,98,527.0,deposit,False,2022-07-17
988,487,190.83,payment,False,2025-09-30
989,96,1509.34,deposit,False,2025-05-01
990,413,1200.31,payment,False,2025-06-21
991,477,1069.56,payment,False,2024-01-14
992,472,1902.76,payment,False,2022-08-14
993,46,2424.19,payment,False,2023-11-06
994,378,1194.68,payment,False,2025-09-30
995,31,16.38,payment,False,2024-12-12
996,408,1491.07,payment,False,2022-12-20
997,375,1635.26,payment,False,2024-04-06
998,382,2070.22,payment,False,2023-05-25
999,399,499.32,payment,False,2024-02-05
1000,204,1311.29,payment,False,2025-06-17
1001,148,1118.38,payment,False,2025-04-03
1002,132,1661.44,payment,False,2024-11-07
1003,186,160.79,transfer,False,2024-07-25
1004,461,2210.15,transfer,False,2024-01-04
1005,189,1278.38,deposit,False,2025-09-30
1006,489,2192.74,payment,False,2024-11-12
1007,127,851.25,withdrawal,False,2025-09-30
1008,364,1634.15,payment,False,2024-02-27
1009,394,2391.86,payment,False,2023-08-15
1010,297,2358.5,deposit,False,2025-09-30
1011,309,2360.31,transfer,False,2023-11-04
1012,87,108.32,withdrawal,False,2025-08-02
1013,455,1008.14,payment,False,2025-08-29
1014,121,152.89,payment,False,2025-09-17
1015,332,774.38,payment,False,2024-07-11
1016,304,437.27,payment,False,2024-07-18
1017,399,1550.72,withdrawal,False,2023-10-07
1018,135,1952.08,payment,False,2024-08-11
1019,328,1283.85,payment,False,2025-09-03
1020,199,1988.89,payment,False,2025-08-11
1021,171,33.02,payment,False,2022-07-09
1022,260,2051.37,transfer,False,2025-05-11
1023,124,446.72,payment,False,2023-03-19
1024,242,1152.88,payment,False,2024-09-27
1025,435,1107.02,payment,False,2025-09-30
1026,71,2183.02,withdrawal,False,2025-09-30
1027,382,2414.98,deposit,False,2024-08-19
1028,59,638.55,payment,False,2024-05-10
1029,109,169.47,payment,False,2025-09-30
1030,41,1626.65,payment,False,2024-03-30
1031,445,1257.6,deposit,False,2023-12-04
1032,286,1414.7,payment,False,2022-08-19
1033,379,116.63,withdrawal,False,2025-05-24
1034,146,1938.5,payment,False,2025-09-30
1035,286,581.65,withdrawal,False,2023-09-11
1036,391,838.01,payment,False,2025-09-30
1037,52,571.66,payment,False,2024-02-13
1038,176,2364.92,payment,False,2023-12-22
1039,279,422.64,payment,False,2022-09-29
1040,380,1831.07,payment,False,2023-11-03
1041,165,615.12,payment,False,2023-10-29
1042,327,1062.87,payment,False,2025-09-20
1043,486,2490.16,withdrawal,False,2025-09-30
1044,477,252.34,payment,False,2024-11-14
1045,482,2203.52,withdrawal,False,2022-08-14
1046,252,2365.18,payment,False,2024-07-15
1047,103,1745.87,deposit,False,2024-11-29
1048,53,25.9,payment,False,2025-09-30
1049,255,2052.18,payment,False,2025-09-30
1050,361,2205.8,payment,False,2025-09-30
1051,173,2452.35,payment,False,2023-11-19
1052,251,2098.45,payment,False,2024-11-01
1053,177,1114.52,deposit,False,2024-09-07
1054,49,1721.94,payment,False,2024-10-05
1055,111,1213.34,deposit,False,2025-09-30
1056,210,883.19,withdrawal,False,2025-09-30
1057,248,1566.44,payment,False,2025-09-30
1058,175,1924.81,deposit,False,2025-09-30
1059,107,1590.12,deposit,False,2023-09-11
1060,153,2066.62,payment,False,2025-09-30
1061,347,441.76,payment,False,2023-07-18
1062,155,934.86,payment,False,2025-02-20
1063,140,782.15,payment,False,2025-09-30
1064,151,486.12,payment,False,2024-08-19
1065,273,1108.49,transfer,False,2024-07-11
1066,44,2369.73,payment,False,2025-09-30
1067,71,1345.48,payment,False,2025-09-30
1068,125,716.73,withdrawal,False,2025-09-30
1069,152,885.8,payment,False,2023-11-20
1070,455,1533.08,deposit,False,2025-09-30
1071,349,882.51,payment,False,2025-01-29
1072,316,1346.33,payment,False,2025-09-30
1073,309,686.13,payment,False,2022-07-08
1074,220,865.48,withdrawal,False,2025-09-30
1075,215,1764.61,payment,False,2024-08-05
1076,330,1461.96,transfer,False,2025-09-30
1077,144,234.62,payment,False,2023-12-24
1078,107,2432.98,deposit,False,2022-09-09
1079,496,124.29,payment,False,2025-09-30
1080,354,208.27,transfer,False,2025-09-30
1081,281,1753.76,payment,False,2023-10-31
1082,322,1770.34,payment,False,2024-11-03
1083,306,48.32,payment,False,2025-02-28
1084,325,1607.24,payment,False,2025-09-30
1085,334,84.12,payment,False,2024-08-06
1086,479,2401.96,deposit,False,2023-10-24
1087,424,1740.66,payment,False,2025-09-30
1088,390,467.26,payment,False,2023-01-26
1089,64,396.1,payment,False,2023-12-28
1090,284,1424.59,payment,False,2024-12-19
1091,265,1584.16,transfer,False,2022-10-21
1092,6,2078.26,payment,False,2025-09-30
1093,401,2258.4,payment,False,2025-08-01
1094,168,981.94,payment,False,2025-05-16
1095,355,2110.37,payment,False,2025-06-02
1096,460,1356.41,payment,False,2023-02-25
1097,173,1176.98,payment,False,2024-10-14
1098,338,1747.73,deposit,False,2025-09-30
1099,119,258.88,deposit,False,2025-01-31
1100,427,664.2,deposit,False,2023-02-24
1101,226,2042.09,transfer,False,2024-02-28
1102,174,1260.69,payment,False,2023-02-12
1103,447,2270.2,payment,False,2025-09-30
1104,129,222.67,payment,False,2023-12-24
1105,187,784.22,withdrawal,False,2024-08-29
1106,63,889.52,payment,False,2023-05-06
1107,463,1057.38,withdrawal,False,2022-11-11
1108,381,2467.06,payment,False,2024-04-06
1109,274,777.35,payment,False,2025-09-30
1110,86,1297.19,payment,False,2025-09-30
1111,210,1340.64,payment,False,2025-09-30
1112,497,1927.22,deposit,False,2025-09-28
1113,193,1295.15,transfer,False,2025-09-30
1114,238,1514.74,payment,False,2024-02-16
1115,20,1883.57,withdrawal,False,2025-02-01
1116,440,253.73,payment,False,2025-09-30
1117,182,2408.72,payment,False,2025-09-30
1118,48,2115.91,payment,False,2025-09-30
1119,228,972.54,payment,False,2023-04-27
1120,54,1821.32,withdrawal,False,2025-09-30
1121,102,1906.05,payment,False,2025-01-01
1122,89,2125.77,deposit,False,2025-09-30
1123,144,471.6,transfer,False,2023-12-26
1124,148,1759.55,payment,False,2025-09-30
1125,230,84.32,payment,False,2022-03-19
1126,303,289.83,withdrawal,False,2025-05-08
1127,250,1940.39,deposit,False,2023-05-25
1128,225,2032.69,payment,False,2025-09-30
1129,391,1481.5,payment,False,2025-09-30
1130,407,1454.63,deposit,False,2025-09-30
1131,459,1874.03,payment,False,2025-09-30
1132,161,2265.31,payment,False,2024-05-22
1133,168,1053.37,transfer,False,2025-02-22
1134,110,287.94,payment,False,2023-12-18
1135,261,2097.66,payment,False,2024-05-07
1136,173,854.77,payment,False,2023-08-05
1137,367,335.33,payment,False,2023-06-23
1138,297,1536.93,transfer,False,2025-09-30
1139,392,1445.63,payment,False,2023-02-02
1140,243,1186.14,deposit,False,2024-05-16
1141,209,2149.63,payment,False,2024-07-23
1142,243,681.29,payment,False,2024-02-17
1143,254,34.07,withdrawal,False,2025-09-30
1144,82,809.35,transfer,False,2025-09-30
1145,434,25.26,payment,False,2024-02-13
1146,475,1359.43,payment,False,2024-11-12
1147,31,946.24,payment,False,2025-03-14
1148,4,2035.04,deposit,False,2024-09-03
1149,194,1994.17,transfer,False,2022-04-17
1150,56,1087.16,withdrawal,False,2025-09-30
1151,261,542.0,withdrawal,False,2023-09-28
1152,81,1056.65,payment,False,2024-06-30
1153,54,1603.65,payment,False,2025-09-30
1154,380,476.32,payment,False,2023-12-17
1155,487,1932.84,payment,False,2025-04-28
1156,96,827.07,deposit,False,2025-09-30
1157,349,2330.51,payment,False,2025-07-20
1158,336,1280.16,payment,False,2024-01-21
1159,257,2117.97,deposit,False,2022-12-23
1160,204,1540.12,transfer,False,2024-09-21
1161,211,1386.95,payment,False,2025-09-30
1162,329,1705.64,payment,False,2025-02-25
1163,496,2028.92,payment,False,2025-09-30
1164,317,1611.62,payment,False,2024-09-15
1165,126,1993.3,payment,False,2025-02-23
1166,7,476.97,transfer,False,2025-06-26
1167,414,694.51,withdrawal,False,2023-11-27
1168,125,575.08,deposit,False,2025-09-30
1169,271,1995.96,payment,False,2025-04-27
1170,108,216.24,payment,False,2025-06-06
1171,260,1989.86,payment,False,2024-11-23
1172,319,973.22,deposit,False,2024-04-29
1173,70,199.69,payment,False,2024-04-05
1174,38,1061.64,payment,False,2023-11-01
1175,175,751.96,payment,False,2025-09-30
1176,188,1480.29,withdrawal,False,2023-10-11
1177,227,1181.84,payment,False,2022-11-19
1178,258,742.65,payment,False,2025-08-23
1179,197,2155.8,payment,False,2025-09-30
1180,8,1017.65,payment,False,2022-05-31
1181,51,1177.25,payment,False,2025-09-30
1182,373,2116.72,transfer,False,2025-09-30
1183,222,223.55,payment,False,2023-02-02
1184,368,975.34,transfer,False,2024-11-10
1185,19,1007.74,payment,False,2023-08-14
1186,350,1240.07,payment,True,2024-04-16
1187,247,266.2,withdrawal,False,2025-01-02
1188,31,257.55,payment,False,2023-11-09
1189,80,1041.62,payment,False,2023-03-14
1190,358,83.54,withdrawal,False,2025-09-30
1191,22,638.21,payment,False,2023-11-22
1192,289,503.74,withdrawal,False,2025-09-19
1193,242,1223.98,withdrawal,False,2024-06-10
1194,214,28.89,payment,False,2024-06-18
1195,200,1689.66,payment,True,2023-08-19
1196,165,2139.11,payment,False,2023-06-23
1197,140,1767.15,payment,False,2025-09-30
1198,370,2045.38,payment,False,2024-07-13
1199,453,1608.65,payment,False,2025-09-30
1200,320,1268.91,payment,False,2023-01-19
1201,409,548.33,payment,False,2025-09-30
1202,438,699.79,payment,False,2025-06-13
1203,285,794.95,payment,False,2024-08-18
1204,13,96.01,deposit,False,2025-09-30
1205,26,2282.81,payment,False,2025-09-13
1206,22,2250.86,payment,False,2024-06-02
1207,349,270.34,withdrawal,False,2025-01-22
1208,76,1392.18,transfer,False,2023-04-01
1209,496,1169.64,transfer,False,2025-09-30
1210,366,1708.85,payment,False,2025-09-30
1211,491,1507.94,withdrawal,False,2023-09-28
1212,92,311.68,payment,False,2023-10-17
1213,329,1650.53,payment,False,2024-07-27
1214,375,1522.57,withdrawal,False,2023-09-03
1215,266,1328.53,payment,False,2023-08-30
1216,48,1006.61,payment,False,2025-09-30
1217,499,2387.35,withdrawal,False,2025-08-21
1218,170,2123.75,deposit,False,2025-01-09
1219,346,1463.13,payment,False,2025-09-22
1220,245,16.94,withdrawal,False,2025-09-30
1221,228,1080.88,payment,False,2022-09-13
1222,187,1751.15,payment,False,2025-09-04
1223,437,294.12,withdrawal,False,2022-06-19
1224,168,1016.97,transfer,False,2025-03-14
1225,203,480.12,payment,False,2024-05-18
1226,446,846.02,deposit,False,2025-04-04
1227,6,67.65,payment,False,2025-05-18
1228,132,317.7,deposit,False,2025-07-30
1229,245,1137.44,deposit,False,2025-09-30
1230,91,2245.58,deposit,False,2023-11-30
1231,311,1226.96,transfer,False,2024-05-21
1232,126,1133.24,payment,False,2024-03-10
1233,472,1969.14,payment,False,2023-09-30
1234,453,670.31,withdrawal,False,2025-07-25
1235,242,238.58,payment,False,2024-02-10
1236,249,524.72,deposit,False,2023-11-20
1237,387,1978.46,payment,False,2023-04-14
1238,7,1692.94,withdrawal,False,2024-12-07
1239,88,229.74,withdrawal,False,2025-02-11
1240,86,1668.07,payment,False,2025-08-20
1241,396,2328.95,payment,False,2024-01-24
1242,355,113.34,payment,False,2025-09-30
1243,145,1541.43,deposit,False,2023-12-08
1244,451,948.53,payment,False,2023-05-26
1245,331,1253.08,payment,False,2025-09-30
1246,198,1320.92,payment,False,2025-09-30
1247,363,1927.84,payment,False,2025-06-30
1248,164,1392.97,withdrawal,False,2025-05-07
1249,145,1483.12,deposit,False,2025-01-19
1250,342,832.95,payment,False,2024-04-25
1251,1,315.74,payment,False,2023-06-02
1252,492,1707.15,payment,False,2025-05-22
1253,120,2.2,payment,False,2024-12-23
1254,67,822.46,payment,False,2023-10-30
1255,464,545.89,payment,False,2022-10-18
1256,355,971.95,withdrawal,False,2025-09-30
1257,462,778.86,payment,False,2024-05-13
1258,49,1760.84,withdrawal,False,2025-04-05
1259,307,651.25,payment,False,2022-06-25
1260,327,1402.32,payment,False,2025-09-30
1261,474,1139.97,transfer,False,2025-09-30
1262,376,2002.84,payment,False,2022-04-05
1263,427,1070.8,payment,False,2023-12-04
1264,368,2159.83,transfer,False,2023-09-13
1265,287,1.36,payment,False,2025-05-20
1266,24,1512.49,payment,True,2025-09-30
1267,211,25.51,payment,False,2025-09-30
1268,293,1785.12,payment,False,2025-01-29
1269,449,588.07,payment,False,2024-12-21
1270,473,950.57,deposit,False,2025-09-30
1271,63,951.71,payment,False,2022-05-14
1272,56,2116.21,withdrawal,False,2025-09-30
1273,458,256.13,withdrawal,False,2025-09-30
1274,18,1667.58,deposit,False,2024-05-20
1275,362,2453.16,withdrawal,False,2024-10-16
1276,449,56.94,transfer,False,2023-06-27
1277,413,2414.77,payment,False,2025-08-10
1278,77,46.99,payment,False,2023-06-01
1279,260,2103.03,payment,True,2025-05-05
1280,121,2403.15,deposit,False,2025-01-28
1281,396,2482.58,payment,False,2024-12-06
1282,184,1148.34,withdrawal,False,2025-01-20
1283,48,2167.53,payment,False,2025-09-30
1284,147,306.73,transfer,False,2025-04-01
1285,282,1064.04,withdrawal,False,2024-11-05
1286,364,770.63,withdrawal,False,2025-08-19
1287,294,988.55,deposit,False,2023-07-30
1288,80,1755.25,transfer,False,2024-06-09
1289,236,219.61,payment,False,2023-09-22
1290,409,2495.41,transfer,False,2025-09-30
1291,440,1588.03,payment,False,2025-09-30
1292,458,2183.92,deposit,False,2025-09-30
1293,229,2074.41,payment,False,2023-01-17
1294,284,1915.23,payment,False,2025-01-08
1295,61,99.02,deposit,False,2023-06-21
1296,220,1291.65,withdrawal,False,2025-09-30
1297,345,821.04,payment,False,2024-10-02
1298,89,283.23,payment,False,2025-01-22
1299,435,858.13,transfer,False,2025-05-16
1300,396,1612.36,payment,False,2025-08-09
1301,264,577.34,payment,False,2022-02-17
1302,228,1112.04,payment,False,2023-02-03
1303,378,1011.83,payment,False,2025-09-30
1304,103,132.1,payment,False,2023-12-09
1305,442,1570.58,payment,False,2024-06-30
1306,88,1547.5,payment,False,2025-09-30
1307,23,2416.07,transfer,False,2024-05-12
1308,293,745.72,transfer,False,2024-11-22
1309,267,1047.96,deposit,False,2023-12-23
1310,17,1009.69,deposit,False,2025-09-30
1311,476,2299.44,payment,False,2023-12-07
1312,440,1022.21,payment,False,2025-09-30
1313,437,1107.47,withdrawal,False,2022-11-26
1314,451,631.61,payment,False,2024-02-18
1315,386,3.92,payment,False,2025-01-03
1316,499,277.02,payment,False,2025-08-25
1317,285,1760.02,payment,False,2023-10-25
1318,313,1706.56,payment,False,2023-07-08
1319,162,807.0,payment,False,2025-09-30
1320,78,1183.04,transfer,False,2024-10-21
1321,122,744.15,payment,False,2025-09-30
1322,481,1827.56,payment,False,2025-09-30
1323,112,2106.41,payment,False,2023-12-22
1324,239,2247.86,deposit,False,2022-07-30
1325,210,435.5,withdrawal,False,2025-09-30
1326,349,1737.85,payment,False,2025-09-30
1327,2,2407.55,payment,False,2024-07-14
1328,380,1626.88,payment,False,2023-10-10
1329,203,878.08,payment,False,2024-09-11
1330,287,1590.23,payment,False,2025-02-19
1331,117,1721.38,payment,False,2024-11-07
1332,369,993.22,payment,False,2022-08-26
1333,461,260.87,payment,False,2022-12-13
1334,300,1517.04,payment,False,2023-10-21
1335,383,2005.55,payment,False,2025-01-13
1336,346,2493.94,deposit,False,2025-09-30
1337,440,558.42,transfer,False,2025-09-30
1338,482,1751.27,payment,False,2022-11-18
1339,438,71.08,payment,False,2024-08-30
1340,437,2424.59,transfer,False,2023-09-18
1341,114,32.4,withdrawal,False,2025-09-30
1342,74,897.63,deposit,False,2025-09-30
1343,460,191.93,payment,False,2023-12-10
1344,241,1552.8,payment,False,2023-03-27
1345,470,849.41,transfer,False,2024-03-15
1346,302,1832.63,payment,False,2025-09-30
1347,54,1216.46,withdrawal,False,2025-09-30
1348,159,1049.09,withdrawal,False,2023-04-12
1349,467,871.94,deposit,False,2024-03-22
1350,109,216.24,transfer,False,2025-09-30
1351,280,512.86,payment,False,2023-11-19
1352,153,1598.12,payment,False,2025-09-30
1353,163,1242.38,payment,False,2024-02-22
1354,57,176.15,deposit,False,2025-07-07
1355,328,1360.34,payment,False,2025-02-16
1356,325,136.3,payment,False,2025-09-30
1357,214,1279.81,deposit,False,2024-08-04
1358,28,2412.44,payment,False,2025-09-30
1359,204,769.05,deposit,False,2023-08-12
1360,33,1809.03,payment,False,2023-03-12
1361,309,1864.13,payment,False,2023-08-16
1362,122,1012.74,payment,False,2025-04-02
1363,16,1483.64,payment,False,2022-08-12
1364,154,1180.64,payment,False,2022-05-26
1365,396,709.12,withdrawal,False,2023-12-25
1366,343,1887.1,payment,False,2023-09-03
1367,497,1757.36,payment,False,2025-09-30
1368,218,2251.47,payment,False,2023-02-02
1369,105,1545.7,deposit,False,2023-06-17
1370,77,972.41,transfer,False,2023-05-06
1371,87,1785.3,payment,False,2025-09-30
1372,31,1547.97,payment,False,2023-12-01
1373,100,1541.92,deposit,False,2023-09-07
1374,155,2124.74,withdrawal,False,2025-04-16
1375,292,2276.26,transfer,False,2025-09-30
1376,315,451.42,payment,False,2024-01-16
1377,495,785.81,payment,False,2025-05-29
1378,106,1626.11,transfer,False,2025-09-30
1379,471,1393.5,payment,False,2025-03-29
1380,230,1631.16,payment,False,2023-04-08
1381,3,1083.1,payment,False,2022-08-12
1382,222,1031.69,payment,False,2024-02-14
1383,121,295.02,withdrawal,False,2024-07-29
1384,160,1559.5,payment,False,2023-08-24
1385,271,440.29,payment,False,2025-09-30
1386,486,1677.88,deposit,False,2025-09-12
1387,331,2417.71,payment,False,2025-09-30
1388,194,641.78,payment,False,2024-02-27
1389,218,356.24,payment,False,2023-04-25
1390,191,61.41,deposit,False,2024-01-23
1391,252,947.69,payment,False,2024-04-29
1392,226,537.31,deposit,False,2023-06-30
1393,1,1230.16,payment,False,2024-04-11
1394,459,1311.24,payment,False,2025-09-30
1395,133,873.97,deposit,False,2022-12-01
1396,90,1875.02,withdrawal,False,2025-01-17
1397,6,2262.11,payment,False,2025-09-30
1398,483,529.6,transfer,False,2025-09-30
1399,244,2090.91,payment,False,2024-10-16
1400,133,328.84,deposit,False,2023-09-19
1401,116,572.53,withdrawal,False,2025-02-05
1402,73,1403.98,payment,False,2024-09-11
1403,156,767.15,payment,False,2025-08-10
1404,211,105.24,transfer,False,2025-09-30
1405,69,737.89,withdrawal,False,2025-09-30
1406,471,2262.27,payment,False,2024-07-28
1407,492,436.38,payment,False,2025-09-30
1408,300,1909.61,deposit,False,2023-06-07
1409,144,1805.98,transfer,False,2025-01-21
1410,199,266.46,deposit,False,2025-09-30
1411,206,824.28,withdrawal,False,2023-03-19
1412,406,474.2,payment,False,2024-08-12
1413,201,58.85,deposit,False,2024-04-02
1414,239,433.43,payment,False,2022-03-29
1415,407,504.74,deposit,False,2024-11-17
1416,427,415.78,payment,False,2023-12-26
1417,68,228.65,payment,False,2025-09-30
1418,171,1316.24,withdrawal,False,2022-02-07
1419,410,807.27,deposit,False,2023-09-07
1420,297,2270.72,deposit,False,2025-09-30
1421,70,468.85,payment,False,2025-09-30
1422,287,1507.55,payment,False,2025-09-30
1423,17,2251.65,transfer,False,2025-09-30
1424,137,118.93,payment,False,2024-09-14
1425,219,1291.18,withdrawal,False,2025-09-30
1426,311,1127.22,transfer,False,2025-01-23
1427,6,2322.02,deposit,False,2025-06-18
1428,198,1659.75,payment,False,2025-09-30
1429,448,873.55,withdrawal,False,2025-02-26
1430,132,1779.09,payment,False,2024-11-04
1431,500,1457.05,payment,False,2025-09-30
1432,363,868.58,payment,False,2023-12-29
1433,451,1963.34,deposit,False,2024-06-03
1434,344,1670.76,payment,False,2025-07-05
1435,184,14.54,withdrawal,False,2025-06-05
1436,18,2162.97,payment,False,2023-07-19
1437,416,993.33,payment,False,2024-01-27
1438,496,1613.97,payment,False,2025-09-30
1439,213,992.52,deposit,False,2023-03-25
1440,48,2203.52,payment,False,2025-09-30
1441,29,1627.44,withdrawal,False,2025-09-30
1442,416,1448.89,payment,False,2023-08-13
1443,153,2450.68,payment,False,2025-09-30
1444,332,702.32,payment,False,2025-07-16
1445,238,164.07,payment,False,2025-09-14
1446,319,1290.51,payment,False,2024-03-04
1447,265,1060.62,withdrawal,False,2022-09-23
1448,199,1136.27,payment,False,2025-09-30
1449,14,1550.64,payment,False,2025-09-30
1450,276,1538.19,payment,False,2024-10-29
1451,468,981.27,withdrawal,False,2023-08-18
1452,10,2157.33,payment,False,2022-04-21
1453,139,1628.99,payment,False,2024-08-02
1454,167,2224.89,withdrawal,False,2025-09-30
1455,147,2282.97,payment,False,2025-04-11
1456,403,419.11,payment,False,2025-04-04
1457,245,1701.72,deposit,False,2025-09-30
1458,427,794.46,payment,False,2023-10-05
1459,445,2091.24,payment,False,2024-09-19
1460,70,1832.4,deposit,False,2025-04-14
1461,328,497.67,payment,False,2024-08-21
1462,321,2346.89,payment,False,2025-04-21
1463,407,1709.01,transfer,True,2025-09-30
1464,104,2371.63,payment,False,2023-09-11
1465,229,505.58,payment,False,2023-11-14
1466,316,2174.39,deposit,False,2025-09-30
1467,138,1670.51,payment,False,2024-09-03
1468,319,1381.16,payment,False,2024-05-04
1469,386,2051.46,payment,False,2023-10-07
1470,36,1582.53,withdrawal,False,2024-07-22
1471,118,1674.33,payment,False,2025-02-18
1472,255,634.92,deposit,False,2025-09-30
1473,313,2042.82,payment,False,2022-12-25
1474,450,1626.11,withdrawal,False,2023-09-08
1475,335,2111.13,payment,False,2024-09-19
1476,20,879.47,payment,False,2024-01-17
1477,298,829.94,deposit,False,2025-05-25
1478,21,60.73,payment,False,2023-12-31
1479,478,1921.74,payment,False,2024-08-06
1480,256,826.46,payment,False,2025-09-30
1481,248,818.7,deposit,False,2025-09-30
1482,472,1722.02,payment,False,2024-04-12
1483,450,632.92,withdrawal,False,2024-03-05
1484,166,2272.64,deposit,False,2025-09-30
1485,470,1345.63,payment,False,2024-05-10
1486,349,2423.72,payment,False,2025-09-30
1487,255,192.6,withdrawal,False,2025-09-30
1488,78,842.73,payment,False,2024-08-09
1489,453,954.29,deposit,False,2025-09-30
1490,280,1826.32,payment,False,2023-10-06
1491,282,533.19,payment,False,2024-11-02
1492,386,938.99,payment,False,2025-05-10
1493,430,2276.7,payment,False,2022-10-18
1494,365,287.26,payment,False,2023-04-06
1495,34,1863.56,payment,False,2025-09-30
1496,446,1756.51,payment,False,2025-03-26
1497,471,327.13,payment,False,2025-04-25
1498,425,1721.54,payment,False,2025-09-30
1499,99,1424.89,payment,False,2025-09-30
1500,143,719.52,payment,False,2024-11-29
1501,55,778.54,payment,False,2024-02-03
1502,3,2082.65,withdrawal,False,2022-10-29
1503,332,578.31,payment,False,2025-02-13
1504,422,1282.44,transfer,False,2023-10-30
1505,435,1703.19,payment,False,2025-09-30
1506,401,325.62,payment,False,2025-09-30
1507,486,2330.95,payment,False,2025-09-30
1508,219,652.33,payment,False,2025-09-30
1509,211,797.77,transfer,False,2025-09-30
1510,305,1665.62,payment,False,2024-05-14
1511,496,196.4,payment,False,2025-09-30
1512,149,1569.4,payment,False,2025-09-30
1513,232,2290.16,deposit,False,2024-03-20
1514,88,623.48,withdrawal,False,2024-08-22
1515,408,905.41,payment,False,2023-12-06
1516,211,581.6,deposit,False,2025-09-30
1517,223,2047.1,transfer,False,2024-03-09
1518,296,419.85,payment,False,2024-04-26
1519,148,867.22,payment,False,2025-09-30
1520,207,1502.95,payment,False,2024-07-01
1521,360,1011.98,payment,False,2025-09-16
1522,419,164.61,payment,False,2023-06-01
1523,432,2369.35,deposit,False,2024-12-31
1524,227,845.41,payment,False,2024-04-13
1525,417,1114.68,deposit,False,2025-07-14
1526,360,419.7,payment,False,2025-09-30
1527,184,2163.51,deposit,False,2025-09-30
1528,41,729.28,payment,False,2024-12-31
1529,182,50.54,transfer,False,2025-09-30
1530,44,791.69,withdrawal,False,2025-09-30
1531,210,2460.17,payment,False,2025-09-30
1532,337,367.96,payment,False,2025-08-10
1533,456,78.98,transfer,False,2025-09-30
1534,250,1445.86,payment,False,2024-08-03
1535,84,929.79,deposit,False,2025-09-30
1536,139,1987.64,payment,False,2024-07-10
1537,478,1829.99,deposit,False,2025-09-30
1538,475,464.36,transfer,False,2024-04-24
1539,231,1412.02,payment,False,2025-09-30
1540,398,82.06,payment,False,2025-09-09
1541,426,1099.26,payment,False,2023-04-26
1542,463,1785.42,payment,False,2022-11-22
1543,12,1037.98,withdrawal,False,2024-09-01
1544,468,295.77,payment,False,2023-11-09
1545,273,154.77,payment,False,2025-03-10
1546,488,2134.29,payment,False,2025-09-30
1547,90,2228.43,payment,False,2025-09-30
1548,462,858.39,withdrawal,False,2025-03-26
1549,25,411.27,payment,False,2025-09-30
1550,26,2446.56,deposit,False,2025-09-30
1551,431,1365.11,payment,False,2025-09-30
1552,153,1192.16,payment,False,2025-07-15
1553,473,1854.28,payment,False,2025-07-11
1554,60,423.0,payment,False,2024-10-25
1555,60,1450.39,payment,False,2025-03-21
1556,283,2225.52,payment,False,2025-09-30
1557,171,58.65,payment,False,2023-07-02
1558,76,1682.68,payment,False,2022-12-18
1559,276,1379.01,payment,False,2025-01-25
1560,447,2377.05,withdrawal,False,2024-04-14
1561,208,647.49,deposit,False,2025-09-30
1562,409,2147.37,payment,False,2025-09-30
1563,155,773.16,payment,False,2024-03-16
1564,180,1075.23,payment,False,2023-05-18
1565,82,534.01,deposit,False,2025-09-30
1566,10,2159.11,withdrawal,False,2023-09-12
1567,243,489.33,payment,False,2024-12-09
1568,178,2147.67,payment,False,2024-07-24
1569,286,1139.58,transfer,False,2023-09-24
1570,257,2087.88,payment,False,2022-06-04
1571,310,661.96,payment,False,2023-08-27
1572,4,332.69,payment,False,2024-09-10
1573,215,1387.85,payment,False,2025-01-15
1574,391,1274.08,payment,False,2025-09-30
1575,30,892.16,payment,False,2025-03-11
1576,346,1657.39,withdrawal,False,2025-09-30
1577,65,238.76,payment,False,2025-08-26
1578,124,1555.38,transfer,False,2023-04-03
1579,285,530.18,payment,False,2023-07-03
1580,153,323.26,payment,False,2025-05-24
1581,40,2274.11,payment,False,2025-09-30
1582,26,1150.03,payment,False,2025-09-25
1583,273,1908.78,transfer,False,2024-12-30
1584,159,223.7,payment,False,2022-07-27
1585,189,144.6,deposit,False,2024-03-01
1586,264,1237.64,payment,False,2023-02-13
1587,69,789.56,withdrawal,False,2025-09-30
1588,1,13.26,payment,False,2023-04-19
1589,79,459.05,deposit,False,2025-09-30
1590,228,547.72,payment,False,2022-08-18
1591,327,721.98,transfer,False,2025-09-30
1592,46,2193.96,deposit,False,2022-07-28
1593,108,1052.09,payment,False,2024-10-26
1594,475,1698.9,transfer,False,2023-10-03
1595,355,46.97,payment,False,2025-06-08
1596,124,2035.0,transfer,False,2023-05-09
1597,475,601.58,withdrawal,False,2023-06-01
1598,148,773.29,payment,False,2025-09-30
1599,466,114.1,payment,False,2022-12-05
1600,424,1024.82,withdrawal,False,2025-09-30
1601,252,2131.59,withdrawal,False,2025-01-03
1602,2,947.46,payment,False,2025-08-17
1603,222,2271.6,payment,False,2023-12-21
1604,189,2168.75,payment,False,2025-09-30
1605,486,155.84,transfer,False,2025-09-30
1606,478,763.87,payment,False,2025-03-22
1607,71,2276.13,transfer,False,2025-09-30
1608,359,75.49,payment,False,2024-03-24
1609,333,1914.75,payment,False,2025-09-30
1610,97,2266.16,payment,False,2025-02-24
1611,232,1926.46,transfer,False,2024-08-01
1612,30,1859.79,payment,False,2025-09-30
1613,30,2108.55,payment,False,2025-05-26
1614,215,1664.81,deposit,False,2024-09-19
1615,173,1058.32,deposit,False,2023-11-07
1616,280,157.83,deposit,False,2024-03-23
1617,468,1970.13,transfer,False,2025-01-14
1618,476,2263.23,transfer,False,2023-08-14
1619,440,1279.45,deposit,False,2025-09-09
1620,211,1331.74,payment,False,2025-09-30
1621,317,1008.81,payment,False,2024-02-19
1622,497,2142.35,payment,False,2025-09-30
1623,397,37.99,withdrawal,False,2025-09-30
1624,125,1561.75,payment,False,2025-08-08
1625,80,2268.63,deposit,False,2023-10-01
1626,184,258.95,payment,False,2025-09-30
1627,15,2397.95,transfer,False,2023-02-23
1628,11,2419.23,payment,False,2022-11-02
1629,396,2324.54,withdrawal,False,2025-02-22
1630,342,1156.9,payment,True,2024-11-07
1631,89,958.04,transfer,False,2025-01-07
1632,3,1765.16,payment,False,2023-08-10
1633,24,797.41,payment,False,2025-09-30
1634,89,171.79,payment,False,2025-02-25
1635,9,2253.65,payment,False,2025-01-29
1636,476,1587.51,payment,False,2024-03-04
1637,46,518.68,transfer,False,2022-03-23
1638,94,47.0,payment,False,2025-09-30
1639,71,1809.07,payment,False,2025-09-30
1640,188,2132.15,payment,False,2023-06-12
1641,139,1014.71,payment,False,2024-12-16
1642,10,203.16,transfer,False,2022-03-17
1643,3,1621.9,payment,False,2023-06-10
1644,19,743.03,deposit,False,2024-01-17
1645,130,360.72,deposit,False,2025-09-30
1646,401,1276.48,deposit,False,2025-05-07
1647,221,1205.13,payment,False,2025-09-30
1648,130,1292.41,deposit,False,2025-09-30
1649,437,2060.01,payment,False,2023-09-27
1650,400,1211.88,payment,False,2022-08-16
1651,113,2251.45,payment,False,2025-09-30
1652,138,2104.68,payment,False,2025-09-30
1653,452,1628.14,transfer,False,2025-08-11
1654,43,143.07,payment,False,2025-05-02
1655,218,2162.5,deposit,False,2023-11-10
1656,58,2264.02,payment,False,2023-02-06
1657,113,938.24,transfer,False,2025-09-30
1658,188,1315.85,payment,False,2022-03-31
1659,122,703.27,transfer,False,2025-08-19
1660,408,37.78,deposit,False,2024-10-11
1661,460,1199.15,payment,False,2022-11-16
1662,85,324.27,withdrawal,False,2024-07-03
1663,106,459.13,deposit,False,2025-09-30
1664,400,1202.3,payment,False,2022-06-19
1665,356,2167.73,payment,False,2025-09-30
1666,99,2111.74,deposit,False,2025-09-30
1667,9,2412.71,payment,False,2023-04-29
1668,6,1207.22,payment,False,2025-09-30
1669,108,1380.47,payment,False,2025-09-30
1670,449,2055.47,withdrawal,False,2024-10-03
1671,462,1749.48,payment,False,2024-12-08
1672,152,457.87,deposit,False,2023-11-16
1673,394,996.04,deposit,False,2022-09-16
1674,338,2322.97,payment,False,2025-09-30
1675,237,366.17,payment,False,2023-07-01
1676,457,524.18,withdrawal,False,2025-09-30
1677,27,1002.25,transfer,False,2023-10-21
1678,119,2349.75,payment,False,2024-02-06
1679,211,285.43,transfer,False,2025-09-30
1680,100,1682.68,payment,False,2024-12-12
1681,3,331.17,payment,False,2023-10-10
1682,294,1311.73,payment,False,2024-08-27
1683,457,1341.87,payment,False,2025-09-30
1684,330,107.52,payment,False,2025-09-30
1685,329,2385.34,deposit,False,2024-08-27
1686,17,2016.75,transfer,False,2025-09-30
1687,106,757.83,transfer,False,2025-09-30
1688,230,327.43,payment,False,2023-05-04
1689,304,864.72,payment,False,2024-10-04
1690,177,2235.8,payment,False,2024-09-19
1691,427,332.58,payment,False,2023-07-28
1692,84,873.94,payment,False,2025-08-18
1693,263,1236.27,payment,False,2025-09-11
1694,196,83.18,deposit,False,2025-07-04
1695,249,670.82,payment,False,2024-08-11
1696,382,1489.49,deposit,False,2024-02-02
1697,458,810.59,transfer,False,2025-07-14
1698,149,2176.44,payment,False,2025-09-30
1699,206,2341.98,deposit,False,2023-05-22
1700,409,1104.42,payment,False,2025-09-30
1701,81,1330.52,payment,False,2024-09-13
1702,189,1577.39,payment,False,2025-09-30
1703,412,1661.67,payment,False,2025-09-30
1704,206,159.08,payment,False,2022-10-22
1705,308,135.14,payment,False,2024-04-14
1706,269,2164.1,deposit,False,2023-12-14
1707,290,550.46,deposit,False,2023-11-26
1708,383,1460.68,withdrawal,True,2024-12-11
1709,361,1562.05,withdrawal,False,2025-09-12
1710,451,412.0,payment,False,2024-05-19
1711,388,1904.23,payment,False,2025-09-30
1712,300,2165.0,payment,False,2023-05-25
1713,382,714.16,payment,False,2024-04-11
1714,255,2194.72,payment,False,2025-04-14
1715,399,203.51,withdrawal,False,2022-10-23
1716,468,2001.36,payment,False,2025-06-24
1717,8,1600.64,payment,False,2022-04-22
1718,114,1458.19,payment,False,2025-09-30
1719,5,576.1,deposit,False,2024-02-22
1720,450,905.24,deposit,False,2024-07-16
1721,476,2275.85,payment,False,2023-07-22
1722,342,1164.89,payment,False,2023-08-07
1723,73,1486.36,payment,False,2025-07-31
1724,348,2339.69,payment,False,2025-09-30
1725,121,1166.75,withdrawal,False,2024-07-18
1726,302,971.28,withdrawal,False,2024-12-15
1727,449,2233.11,withdrawal,False,2024-02-07
1728,372,2277.31,payment,False,2025-09-30
1729,484,887.24,deposit,False,2024-04-16
1730,369,1480.38,payment,False,2024-03-03
1731,234,2409.36,payment,False,2025-09-30
1732,66,139.62,payment,False,2025-05-26
1733,230,100.47,deposit,False,2023-01-14
1734,410,1291.93,withdrawal,False,2024-01-20
1735,31,728.81,payment,False,2024-04-30
1736,307,1455.04,deposit,False,2023-12-26
1737,297,1811.01,payment,False,2025-09-30
1738,51,173.62,withdrawal,False,2025-09-30
1739,147,2206.04,transfer,False,2024-12-27
1740,95,692.94,payment,False,2025-09-30
1741,329,953.99,payment,False,2025-03-28
1742,387,843.25,payment,False,2023-08-04
1743,38,2099.75,withdrawal,False,2024-05-02
1744,198,427.46,payment,False,2025-09-30
1745,241,72.65,payment,False,2023-07-11
1746,173,2429.53,payment,False,2024-08-06
1747,493,2451.6,payment,False,2023-02-08
1748,256,644.97,withdrawal,False,2025-09-30
1749,455,24.37,withdrawal,False,2025-09-30
1750,41,1615.15,withdrawal,False,2023-12-24
1751,409,1621.51,payment,False,2025-09-30
1752,473,2350.95,deposit,False,2025-08-10
1753,434,746.88,payment,False,2024-11-13
1754,129,474.57,payment,False,2024-03-26
1755,54,1541.34,payment,False,2025-09-30
1756,86,1409.61,deposit,False,2025-08-02
1757,212,1794.62,withdrawal,False,2024-10-03
1758,269,2212.93,payment,False,2024-08-20
1759,296,1399.8,deposit,False,2025-09-30
1760,21,376.04,deposit,False,2025-05-22
1761,215,1495.72,payment,False,2024-01-12
1762,425,935.88,payment,False,2025-09-30
1763,189,1132.38,payment,False,2024-06-11
1764,161,2398.75,payment,False,2024-06-22
1765,201,1387.81,deposit,False,2023-04-19
1766,29,374.97,transfer,False,2025-06-03
1767,381,1108.45,payment,False,2025-08-27
1768,244,571.85,payment,False,2024-03-15
1769,183,339.57,payment,False,2023-11-02
1770,32,1780.87,payment,False,2025-01-02
1771,267,1571.79,withdrawal,False,2023-01-23
1772,436,1244.97,payment,False,2025-09-30
1773,36,1058.67,payment,False,2024-08-22
1774,93,806.22,payment,False,2025-04-28
1775,368,220.93,deposit,False,2023-06-20
1776,159,748.87,payment,False,2023-02-24
1777,398,2096.15,payment,False,2025-08-29
1778,447,1959.4,payment,False,2024-11-23
1779,180,2430.82,payment,False,2022-12-19
1780,438,1640.51,withdrawal,False,2025-06-10
1781,373,1384.55,payment,False,2025-03-31
1782,306,740.82,transfer,False,2024-07-24
1783,473,193.07,payment,False,2024-09-27
1784,379,1545.43,payment,False,2025-09-30
1785,438,1220.92,payment,False,2023-12-27
1786,218,1897.93,deposit,False,2023-01-09
1787,470,1030.23,withdrawal,False,2025-06-20
1788,329,2463.89,payment,False,2024-12-31
1789,353,994.63,payment,False,2024-12-12
1790,343,833.35,payment,False,2023-09-05
1791,227,2177.59,withdrawal,False,2024-03-12
1792,212,989.37,payment,False,2024-04-27
1793,353,2177.37,payment,False,2024-12-06
1794,163,69.36,deposit,False,2023-08-28
1795,366,1731.79,payment,False,2025-07-24
1796,158,180.56,transfer,False,2025-09-30
1797,110,371.43,transfer,False,2023-11-22
1798,55,1750.49,withdrawal,False,2024-08-05
1799,350,725.02,deposit,False,2023-01-19
1800,214,526.87,payment,False,2025-01-27
1801,365,2004.01,payment,False,2024-06-21
1802,385,2365.67,payment,False,2023-01-12
1803,15,581.72,deposit,False,2022-09-21
1804,153,793.67,payment,False,2024-08-25
1805,20,1785.47,payment,False,2025-01-27
1806,455,2038.42,deposit,False,2025-01-16
1807,400,2497.91,deposit,False,2022-06-03
1808,52,684.15,payment,False,2023-01-04
1809,343,1391.99,payment,False,2023-10-18
1810,469,335.91,payment,False,2024-12-28
1811,321,827.77,payment,False,2025-09-30
1812,367,113.38,payment,False,2024-04-05
1813,84,527.89,payment,True,2024-11-27
1814,367,1266.86,payment,False,2024-04-23
1815,467,410.23,payment,False,2025-04-06
1816,326,2223.57,payment,False,2023-11-28
1817,486,1776.06,deposit,False,2025-09-30
1818,224,70.31,payment,False,2025-09-30
1819,129,2191.88,payment,False,2025-09-11
1820,350,2443.33,payment,False,2022-10-24
1821,382,1255.15,deposit,False,2023-07-16
1822,16,787.21,transfer,False,2023-05-12
1823,411,659.4,payment,False,2022-07-02
1824,274,219.46,transfer,False,2025-01-16
1825,77,1229.53,payment,True,2025-01-20
1826,300,126.3,payment,True,2023-03-17
1827,306,1260.09,payment,False,2025-09-30
1828,92,632.12,payment,False,2023-12-01
1829,458,1191.6,withdrawal,False,2025-09-30
1830,270,1046.54,payment,False,2024-11-09
1831,52,763.48,withdrawal,True,2024-06-09
1832,349,1122.15,payment,False,2025-08-25
1833,121,1185.61,payment,False,2025-08-23
1834,459,2084.4,payment,False,2025-09-30
1835,50,1664.79,payment,False,2025-09-30
1836,379,1083.46,deposit,False,2025-09-30
1837,475,2263.2,deposit,False,2023-07-20
1838,492,1889.6,payment,False,2024-10-26
1839,273,190.22,payment,False,2025-05-01
1840,380,385.21,payment,False,2023-04-12
1841,120,205.09,transfer,False,2024-12-06
1842,387,797.84,payment,False,2023-05-13
1843,446,1089.68,payment,False,2025-07-08
1844,95,1261.11,payment,False,2025-09-30
1845,149,2128.68,payment,False,2025-09-30
1846,289,45.87,transfer,False,2025-09-30
1847,257,1071.29,payment,False,2023-03-26
1848,454,1028.08,transfer,False,2024-04-06
1849,371,2368.74,deposit,False,2025-09-30
1850,184,603.35,withdrawal,False,2025-09-30
1851,260,306.89,deposit,True,2024-05-05
1852,150,356.51,withdrawal,False,2024-09-27
1853,205,1300.84,payment,False,2024-03-29
1854,442,977.87,payment,False,2024-11-25
1855,172,1885.6,payment,False,2022-07-17
1856,313,808.63,payment,False,2023-08-08
1857,222,320.78,payment,False,2023-10-18
1858,168,967.8,payment,False,2025-09-21
1859,244,2207.71,payment,False,2023-07-23
1860,218,1014.41,payment,False,2023-02-25
1861,56,2084.24,deposit,False,2025-09-19
1862,63,929.45,deposit,False,2023-01-16
1863,103,704.18,deposit,False,2024-06-01
1864,373,1937.38,payment,False,2024-12-27
1865,167,523.88,payment,False,2025-09-30
1866,7,580.34,payment,False,2025-09-30
1867,142,125.48,payment,False,2024-11-28
1868,125,470.43,payment,False,2025-06-19
1869,90,947.66,deposit,False,2025-09-30
1870,402,999.53,withdrawal,False,2025-05-24
1871,311,1052.15,payment,False,2023-06-30
1872,371,1199.75,transfer,False,2025-09-30
1873,440,1430.2,deposit,False,2025-09-30
1874,216,474.38,withdrawal,False,2024-05-15
1875,441,1535.25,payment,False,2024-07-12
1876,123,842.05,transfer,False,2025-09-30
1877,372,1835.29,payment,False,2025-09-30
1878,186,1393.45,payment,False,2022-11-11
1879,371,1386.12,withdrawal,False,2025-09-30
1880,153,1714.03,payment,False,2025-09-30
1881,249,833.21,transfer,False,2023-07-22
1882,114,1073.65,deposit,False,2025-09-30
1883,96,1457.66,payment,False,2025-09-30
1884,198,1054.47,payment,False,2025-06-18
1885,336,1111.2,payment,False,2022-07-27
1886,3,681.95,payment,True,2023-11-14
1887,149,719.18,payment,False,2025-09-30
1888,416,1747.69,payment,False,2023-05-20
1889,386,11.7,payment,False,2024-07-27
1890,111,239.13,deposit,False,2025-09-30
1891,20,2372.08,payment,False,2025-02-27
1892,203,468.36,deposit,False,2023-11-26
1893,371,1045.88,payment,False,2025-07-20
1894,402,2124.36,payment,False,2025-09-10
1895,182,1.26,deposit,False,2025-08-01
1896,331,2313.02,payment,False,2025-05-08
1897,227,134.67,withdrawal,False,2023-09-22
1898,292,428.0,withdrawal,False,2025-09-30
1899,358,73.73,withdrawal,False,2025-09-30
1900,76,1299.28,payment,False,2023-05-27
1901,317,2357.79,deposit,False,2023-08-02
1902,316,2097.75,withdrawal,False,2025-09-30
1903,223,1599.73,payment,False,2024-10-18
1904,373,464.54,deposit,False,2025-09-30
1905,36,2174.12,payment,False,2024-12-25
1906,478,1887.18,payment,False,2025-06-15
1907,428,667.85,payment,False,2023-06-18
1908,324,2012.92,payment,False,2023-03-04
1909,450,2193.0,payment,False,2024-03-18
1910,300,1745.87,payment,False,2023-02-12
1911,333,251.86,payment,False,2025-02-13
1912,90,2460.63,payment,False,2024-05-10
1913,29,190.93,transfer,False,2025-01-22
1914,176,1636.53,payment,False,2023-08-19
1915,420,277.2,deposit,False,2023-01-02
1916,220,2263.63,payment,False,2025-04-23
1917,136,875.59,withdrawal,False,2024-01-23
1918,389,1279.25,payment,False,2023-09-06
1919,352,447.73,payment,False,2024-10-02
1920,478,1366.86,transfer,False,2025-09-30
1921,462,2347.16,withdrawal,False,2024-05-12
1922,175,2254.18,deposit,False,2025-09-30
1923,126,160.68,payment,False,2025-09-23
1924,171,946.27,deposit,False,2023-09-05
1925,394,669.31,payment,False,2024-03-08
1926,266,1203.92,payment,False,2024-07-21
1927,134,2084.49,payment,False,2023-02-14
1928,272,1847.39,payment,False,2024-01-22
1929,444,860.6,payment,False,2024-05-09
1930,26,957.28,withdrawal,False,2025-09-30
1931,277,1635.98,deposit,False,2025-01-28
1932,100,486.37,payment,False,2025-03-19
1933,442,257.72,transfer,False,2023-11-05
1934,425,607.23,deposit,False,2025-09-30
1935,362,310.96,payment,False,2023-10-17
1936,30,880.61,payment,False,2025-09-10
1937,133,2343.98,payment,False,2023-02-25
1938,394,301.63,payment,False,2023-05-04
1939,496,2045.99,deposit,False,2025-09-30
1940,351,1337.09,payment,False,2023-11-26
1941,139,1582.62,payment,False,2023-12-06
1942,486,426.04,payment,False,2025-09-30
1943,191,379.28,payment,False,2023-10-02
1944,391,407.7,payment,False,2025-09-30
1945,187,1667.99,payment,False,2025-08-29
1946,140,1869.72,transfer,False,2025-09-30
1947,320,2300.69,payment,False,2024-09-03
1948,379,996.08,payment,False,2025-09-30
1949,237,1155.46,transfer,False,2024-02-19
1950,369,1174.52,payment,False,2023-08-27
1951,297,675.47,payment,False,2025-09-16
1952,444,821.25,payment,False,2024-04-12
1953,200,2117.2,payment,False,2022-04-22
1954,284,859.96,payment,False,2025-04-16
1955,379,2172.87,payment,False,2025-09-30
1956,80,763.86,payment,False,2024-08-31
1957,447,850.37,withdrawal,False,2025-05-30
1958,259,1401.14,payment,False,2023-07-06
1959,101,258.71,payment,False,2025-09-30
1960,32,2305.23,transfer,False,2024-04-04
1961,277,2051.18,deposit,False,2024-09-12
1962,121,1676.59,withdrawal,False,2025-09-01
1963,55,2470.32,payment,False,2024-02-13
1964,493,40.98,payment,False,2022-07-30
1965,18,1028.24,payment,False,2022-08-05
1966,309,2146.0,deposit,False,2023-12-05
1967,368,1083.11,payment,False,2024-02-26
1968,121,14.1,deposit,False,2024-10-29
1969,110,395.23,transfer,True,2024-05-27
1970,331,1085.75,withdrawal,False,2025-09-30
1971,61,1670.2,withdrawal,False,2025-04-08
1972,434,407.47,payment,False,2024-07-10
1973,264,1120.66,payment,False,2022-09-11
1974,268,32.96,payment,False,2025-07-08
1975,435,1194.27,payment,False,2025-08-28
1976,500,2239.92,payment,False,2025-09-30
1977,450,1492.32,payment,False,2024-05-14
1978,297,1102.2,deposit,False,2025-06-26
1979,406,406.49,transfer,False,2023-07-16
1980,127,506.84,deposit,False,2025-09-24
1981,137,192.2,payment,False,2024-03-09
1982,78,1856.29,payment,False,2024-09-21
1983,207,193.76,payment,False,2025-09-30
1984,395,960.49,payment,False,2025-09-30
1985,397,1874.86,withdrawal,False,2025-09-30
1986,184,1782.34,payment,False,2025-09-30
1987,412,1444.25,payment,False,2025-09-30
1988,89,1428.7,payment,False,2025-09-30
1989,320,226.73,payment,False,2023-08-18
1990,229,438.11,deposit,False,2023-10-06
1991,64,1337.33,transfer,False,2023-12-31
1992,326,870.85,transfer,False,2023-11-05
1993,55,48.32,payment,False,2025-01-11
1994,293,1995.62,deposit,False,2024-10-01
1995,417,1634.88,payment,False,2025-09-30
1996,281,815.14,withdrawal,False,2024-02-06
1997,370,246.41,deposit,False,2024-04-17
1998,279,1478.41,payment,False,2022-09-27
1999,188,872.03,transfer,False,2022-04-15
2000,440,639.22,payment,False,2025-09-30
2001,191,1803.95,payment,False,2023-11-01
2002,392,821.05,payment,False,2022-08-03
2003,273,340.99,deposit,False,2025-08-22
2004,95,1204.65,withdrawal,False,2025-09-30
2005,90,2071.34,withdrawal,False,2025-07-21
2006,247,2124.3,payment,False,2024-08-12
2007,441,2123.51,payment,False,2022-12-08
2008,75,1052.88,withdrawal,False,2023-03-29
2009,62,1977.54,payment,False,2022-06-28
2010,222,2125.73,payment,False,2023-04-16
2011,267,1149.39,payment,False,2024-08-14
2012,451,797.53,payment,False,2023-03-20
2013,424,1755.21,payment,False,2025-09-30
2014,424,2261.27,payment,False,2025-09-30
2015,121,2430.41,deposit,False,2025-02-11
2016,312,726.27,withdrawal,False,2024-09-18
2017,309,2390.47,withdrawal,False,2023-07-14
2018,341,1248.71,payment,False,2025-06-20
2019,483,765.78,withdrawal,False,2025-09-30
2020,28,2471.01,payment,False,2025-05-22
2021,342,2194.64,payment,False,2024-09-10
2022,426,1731.35,payment,False,2023-01-28
2023,371,2237.46,withdrawal,False,2025-08-03
2024,302,1704.04,payment,False,2025-05-03
2025,274,1101.57,payment,False,2025-09-30
2026,23,2370.18,payment,False,2023-12-10
2027,410,2408.16,withdrawal,False,2022-06-28
2028,99,786.12,deposit,False,2025-09-30
2029,285,886.63,deposit,False,2023-09-11
2030,308,957.42,payment,False,2024-02-05
2031,110,2055.54,transfer,False,2025-01-22
2032,203,1978.07,deposit,False,2023-09-19
2033,106,2457.8,payment,False,2025-09-30
2034,46,1163.57,deposit,False,2023-01-26
2035,257,1842.18,payment,False,2022-10-07
2036,447,2141.94,payment,False,2024-05-17
2037,144,553.85,payment,False,2024-11-13
2038,25,1551.77,payment,False,2025-09-30
2039,62,1369.72,payment,False,2023-09-28
2040,230,1857.32,transfer,False,2022-03-05
2041,82,1738.87,payment,False,2025-09-30
2042,336,2032.17,payment,False,2023-02-13
2043,211,778.55,payment,False,2025-09-30
2044,400,541.67,payment,False,2022-08-22
2045,197,2013.19,transfer,False,2025-08-01
2046,347,902.05,payment,False,2024-09-03
2047,492,719.65,payment,False,2025-08-09
2048,198,842.71,deposit,False,2025-09-30
2049,377,166.82,payment,False,2023-03-16
2050,162,1933.09,transfer,False,2025-05-28
2051,208,1788.18,payment,False,2025-09-30
2052,309,1382.18,withdrawal,False,2022-10-24
2053,407,1790.5,deposit,False,2024-12-02
2054,427,933.46,withdrawal,False,2023-09-27
2055,44,739.13,withdrawal,False,2025-09-30
2056,288,2155.89,withdrawal,False,2025-09-30
2057,491,1056.71,payment,False,2024-01-09
2058,279,490.58,payment,False,2023-08-05
2059,404,1872.86,transfer,False,2025-05-08
2060,275,840.34,payment,False,2025-09-30
2061,221,530.42,payment,False,2025-07-03
2062,456,69.01,payment,False,2025-09-30
2063,285,2426.53,payment,False,2023-06-20
2064,146,1168.76,withdrawal,False,2025-09-30
2065,69,405.23,withdrawal,False,2025-09-30
2066,140,1894.77,payment,False,2025-09-30
2067,10,2219.24,transfer,False,2023-05-10
2068,111,1320.39,deposit,False,2025-04-14
2069,37,71.87,payment,False,2024-08-09
2070,81,913.49,payment,False,2024-08-26
2071,96,608.51,deposit,False,2025-04-03
2072,55,1591.36,payment,False,2023-12-06
2073,132,1297.63,payment,False,2025-05-19
2074,223,889.99,payment,False,2023-07-14
2075,384,1621.61,payment,False,2025-01-29
2076,63,1461.49,transfer,False,2022-08-01
2077,474,2266.32,deposit,False,2025-09-30
2078,12,1492.41,payment,False,2025-02-20
2079,146,1269.77,deposit,False,2025-09-30
2080,264,2059.35,payment,False,2023-03-26
2081,32,506.85,payment,False,2024-07-04
2082,468,609.67,withdrawal,False,2025-05-28
2083,49,1959.15,payment,False,2024-04-03
2084,360,1106.43,deposit,False,2025-09-30
2085,447,1023.68,withdrawal,False,2024-07-27
2086,461,2217.81,payment,False,2023-05-25
2087,187,1525.66,transfer,False,2024-12-23
2088,343,2007.47,payment,False,2024-01-04
2089,451,2024.79,payment,False,2023-06-21
2090,99,300.95,withdrawal,False,2025-09-30
2091,167,1634.6,deposit,False,2025-09-30
2092,306,2381.34,payment,False,2025-08-04
2093,213,1200.59,deposit,False,2024-08-24
2094,199,1830.72,payment,False,2025-09-30
2095,246,1417.27,payment,False,2022-09-23
2096,154,512.91,transfer,False,2022-10-17
2097,407,488.79,withdrawal,False,2023-12-26
2098,96,1085.15,payment,False,2025-08-27
2099,63,1207.99,deposit,False,2024-01-15
2100,194,1258.33,withdrawal,True,2023-07-15
2101,423,2387.55,withdrawal,False,2023-12-15
2102,322,251.54,withdrawal,False,2024-01-01
2103,359,951.94,withdrawal,False,2022-11-13
2104,302,1286.85,payment,False,2025-09-30
2105,399,2407.82,payment,False,2023-02-09
2106,272,1261.28,transfer,False,2024-04-04
2107,376,1938.41,payment,False,2023-10-13
2108,90,1873.45,payment,False,2025-09-30
2109,328,1416.54,payment,True,2025-09-30
2110,272,327.63,payment,False,2024-02-25
2111,85,547.68,withdrawal,False,2024-06-19
2112,295,601.11,payment,False,2025-09-30
2113,395,97.61,payment,False,2025-09-30
2114,472,948.67,transfer,False,2022-12-07
2115,36,1526.67,deposit,False,2024-06-11
2116,18,361.52,payment,False,2023-01-20
2117,407,438.41,payment,False,2025-09-30
2118,77,1767.76,deposit,False,2023-07-18
2119,49,423.96,transfer,False,2024-03-02
2120,492,339.2,payment,False,2025-08-18
2121,498,2444.63,payment,False,2022-07-23
2122,426,37.82,payment,False,2023-12-08
2123,359,814.2,payment,False,2024-04-02
2124,236,88.31,payment,False,2022-12-06
2125,44,2095.28,deposit,False,2025-09-30
2126,109,1459.26,payment,False,2025-08-20
2127,129,120.83,withdrawal,False,2024-01-25
2128,7,1538.79,payment,False,2025-09-30
2129,304,308.62,payment,False,2025-03-09
2130,112,1239.84,payment,False,2023-12-12
2131,213,1673.86,payment,False,2023-07-04
2132,400,372.12,payment,False,2022-07-18
2133,304,1243.13,transfer,False,2025-06-16
2134,462,1144.07,deposit,False,2024-09-09
2135,427,2289.46,withdrawal,False,2024-01-25
2136,307,2489.26,deposit,False,2023-06-09
2137,363,1636.53,payment,False,2023-09-25
2138,66,2137.29,deposit,False,2025-09-30
2139,31,1617.56,transfer,False,2024-03-30
2140,295,2190.84,payment,False,2025-09-29
2141,265,1083.75,transfer,False,2023-11-29
2142,297,1520.37,payment,True,2025-09-30
2143,319,2113.08,payment,False,2024-12-25
2144,14,2295.3,payment,False,2025-09-30
2145,58,62.68,transfer,False,2023-04-03
2146,458,260.78,withdrawal,False,2025-09-30
2147,496,2328.0,withdrawal,False,2025-03-13
2148,344,1421.7,payment,False,2025-09-26
2149,242,2475.49,payment,False,2023-12-07
2150,353,1981.79,deposit,False,2025-03-17
2151,248,2045.53,payment,False,2025-09-30
2152,98,965.92,payment,False,2023-03-21
2153,468,644.6,payment,True,2024-05-08
2154,448,1496.05,payment,False,2025-09-30
2155,412,2197.7,withdrawal,False,2025-09-30
2156,388,1814.52,deposit,False,2024-12-28
2157,162,1180.97,payment,False,2025-03-27
2158,388,1883.25,payment,False,2025-06-22
2159,247,1726.3,payment,False,2025-08-01
2160,326,2282.72,payment,False,2023-09-12
2161,442,659.63,deposit,False,2023-12-02
2162,342,299.16,payment,False,2024-04-04
2163,4,1175.66,payment,False,2025-06-24
2164,306,903.34,payment,False,2024-07-01
2165,261,2437.18,payment,False,2024-01-14
2166,331,19.75,withdrawal,False,2025-09-30
2167,45,2333.52,payment,False,2025-07-30
2168,419,2387.74,payment,False,2022-02-13
2169,211,128.34,payment,False,2025-09-30
2170,244,2224.04,withdrawal,False,2024-09-25
2171,203,1177.48,deposit,False,2024-08-20
2172,203,1915.61,payment,False,2023-04-18
2173,373,199.06,transfer,False,2025-01-23
2174,27,2388.06,withdrawal,False,2024-03-14
2175,386,1519.26,payment,False,2023-10-17
2176,438,2246.84,deposit,False,2024-05-01
2177,495,1682.73,payment,False,2025-04-21
2178,118,1342.49,transfer,False,2025-01-06
2179,456,432.07,payment,False,2025-09-30
2180,226,445.71,payment,False,2024-03-08
2181,360,1181.95,transfer,False,2025-09-30
2182,468,2176.24,payment,False,2025-01-23
2183,471,288.93,payment,False,2025-08-20
2184,463,2495.96,deposit,False,2022-09-28
2185,432,2189.9,withdrawal,False,2025-09-30
2186,205,982.0,deposit,False,2024-06-28
2187,247,633.54,payment,False,2024-09-19
2188,479,2305.07,payment,False,2024-01-20
2189,49,308.91,payment,False,2024-11-10
2190,366,868.88,payment,False,2025-09-30
2191,253,210.7,payment,False,2024-12-08
2192,78,2383.7,payment,False,2024-06-02
2193,257,1544.44,payment,False,2024-01-22
2194,120,841.11,payment,False,2025-09-15
2195,475,689.43,payment,False,2025-01-09
2196,417,1110.79,withdrawal,False,2024-11-27
2197,35,229.35,payment,False,2024-07-19
2198,438,2223.48,payment,False,2025-04-28
2199,312,1277.84,payment,False,2024-06-11
2200,143,1813.02,payment,False,2025-09-30
2201,197,585.13,payment,False,2025-09-30
2202,485,1259.87,payment,False,2025-04-09
2203,260,528.5,withdrawal,False,2025-09-30
2204,366,2040.42,payment,False,2025-09-30
2205,84,1938.41,payment,False,2025-03-31
2206,192,371.36,payment,False,2022-11-11
2207,487,187.19,payment,False,2025-09-30
2208,22,2060.67,payment,False,2024-04-17
2209,24,275.01,withdrawal,False,2025-09-30
2210,431,1371.66,payment,False,2025-09-30
2211,75,1336.68,deposit,False,2022-12-08
2212,366,508.16,payment,False,2025-09-30
2213,134,1478.8,deposit,False,2022-10-08
2214,411,1257.39,payment,False,2023-03-18
2215,394,1273.46,payment,False,2022-07-13
2216,167,899.89,payment,False,2025-09-30
2217,458,2096.23,payment,False,2025-09-30
2218,110,211.84,withdrawal,False,2024-12-15
2219,90,1097.12,payment,False,2025-01-15
2220,37,650.28,withdrawal,False,2024-10-26
2221,310,2121.23,payment,False,2022-06-25
2222,481,563.48,payment,False,2025-09-30
2223,51,1917.8,deposit,False,2025-09-30
2224,60,1529.18,payment,False,2023-11-28
2225,72,2187.1,withdrawal,False,2023-01-21
2226,128,1484.89,payment,False,2025-03-27
2227,307,1391.65,payment,False,2022-12-26
2228,62,2003.02,payment,False,2023-10-23
2229,305,1406.65,deposit,False,2024-05-25
2230,179,2111.51,payment,False,2025-09-30
2231,28,124.25,withdrawal,False,2024-10-19
2232,240,1238.38,deposit,False,2023-02-05
2233,420,2031.92,transfer,False,2023-09-27
2234,232,2121.06,transfer,False,2024-06-15
2235,153,2085.3,deposit,False,2025-09-12
2236,420,1511.35,payment,False,2022-12-18
2237,333,2484.93,deposit,False,2025-09-30
2238,444,454.28,deposit,False,2023-10-07
2239,7,436.97,payment,False,2025-01-22
2240,65,83.02,payment,False,2025-06-29
2241,457,2473.35,payment,False,2025-09-30
2242,123,870.7,payment,False,2025-09-30
2243,476,1905.37,payment,False,2023-04-09
2244,36,150.22,withdrawal,False,2024-03-26
2245,238,747.42,withdrawal,False,2023-12-03
2246,478,1559.99,deposit,False,2025-05-04
2247,73,1312.43,payment,False,2025-07-16
2248,30,520.16,payment,False,2024-11-29
2249,227,1154.52,transfer,False,2024-09-16
2250,303,272.85,withdrawal,False,2025-07-13
2251,347,1357.22,withdrawal,False,2023-01-18
2252,285,243.26,withdrawal,False,2024-06-19
2253,5,1590.2,withdrawal,False,2022-07-30
2254,65,389.24,transfer,False,2024-09-21
2255,235,1368.17,payment,False,2025-01-11
2256,115,323.67,payment,False,2025-09-01
2257,453,1002.38,payment,False,2025-07-26
2258,319,880.23,deposit,False,2024-04-21
2259,246,1891.27,deposit,False,2024-02-13
2260,349,1603.26,payment,False,2025-09-30
2261,440,2342.78,payment,False,2025-09-04
2262,17,2304.85,payment,False,2025-09-30
2263,383,1812.77,transfer,False,2025-03-08
2264,307,1926.69,payment,False,2022-11-12
2265,369,1562.66,payment,False,2023-03-02
2266,37,1729.47,payment,False,2025-09-30
2267,344,1543.44,transfer,False,2025-09-30
2268,372,780.1,payment,False,2025-09-30
2269,381,877.37,payment,False,2025-03-13
2270,219,1437.26,payment,False,2025-09-30
2271,137,1800.72,withdrawal,False,2024-05-28
2272,246,1015.89,payment,False,2022-12-28
2273,38,357.53,payment,False,2024-06-12
2274,251,1149.08,payment,False,2024-09-11
2275,53,2408.01,payment,False,2025-09-30
2276,397,536.0,deposit,False,2025-09-30
2277,346,1623.02,payment,False,2024-07-09
2278,309,2456.37,payment,False,2022-03-09
2279,203,941.22,deposit,False,2023-03-11
2280,375,2219.82,withdrawal,False,2025-04-01
2281,472,2160.16,payment,False,2022-11-15
2282,375,848.27,payment,False,2024-08-01
2283,481,247.19,withdrawal,False,2025-09-30
2284,49,447.17,payment,False,2024-03-01
2285,122,915.01,transfer,False,2025-09-30
2286,326,2397.88,withdrawal,False,2023-06-21
2287,419,686.85,deposit,False,2023-04-13
2288,16,2317.24,deposit,False,2024-04-29
2289,269,454.23,payment,False,2024-08-29
2290,236,2424.56,payment,False,2023-08-26
2291,121,734.72,payment,False,2024-12-26
2292,139,1583.1,deposit,False,2025-05-18
2293,87,175.16,withdrawal,False,2024-12-25
2294,130,749.86,payment,False,2025-09-30
2295,252,527.57,withdrawal,False,2024-03-23
2296,350,9.54,payment,False,2022-08-20
2297,275,392.77,payment,False,2025-09-30
2298,360,1483.17,payment,False,2025-09-30
2299,301,975.41,payment,False,2024-05-20
2300,430,1806.7,deposit,False,2023-09-17
2301,47,1678.02,payment,False,2025-02-02
2302,433,1998.45,payment,False,2022-08-16
2303,79,2167.7,withdrawal,False,2025-09-30
2304,298,2049.74,deposit,False,2024-09-01
2305,417,1120.7,payment,False,2025-09-30
2306,364,772.51,withdrawal,False,2025-05-27
2307,425,1256.25,payment,False,2025-09-30
2308,375,1338.29,payment,False,2023-06-02
2309,453,783.62,payment,False,2025-09-30
2310,342,1350.48,withdrawal,False,2024-12-09
2311,219,265.34,withdrawal,False,2025-09-30
2312,111,578.37,payment,False,2025-09-30
2313,227,1865.37,payment,False,2023-05-05
2314,275,457.9,payment,False,2025-08-29
2315,256,348.46,deposit,False,2025-09-30
2316,39,719.07,withdrawal,False,2025-09-30
2317,135,928.25,withdrawal,False,2023-08-21
2318,295,822.04,payment,False,2025-09-30
2319,98,937.14,payment,False,2023-01-02
2320,34,350.64,payment,False,2025-09-30
2321,475,414.32,payment,False,2023-08-17
2322,428,590.35,payment,False,2023-12-11
2323,453,1005.58,transfer,False,2025-09-30
2324,68,840.41,deposit,False,2025-02-16
2325,191,1978.55,withdrawal,False,2024-05-02
2326,199,1314.27,payment,False,2025-09-30
2327,48,1439.68,payment,False,2025-09-30
2328,259,1401.92,payment,False,2024-07-25
2329,213,997.54,payment,False,2024-05-18
2330,162,2451.23,payment,False,2025-09-30
2331,113,94.28,transfer,False,2025-09-30
2332,137,540.38,withdrawal,False,2023-07-04
2333,317,712.35,payment,False,2024-11-05
2334,404,2203.36,payment,False,2025-09-30
2335,424,2297.25,payment,False,2025-09-30
2336,381,2115.41,payment,False,2025-09-30
2337,12,1042.96,transfer,False,2025-02-01
2338,359,2286.65,withdrawal,False,2023-10-30
2339,238,247.17,payment,False,2025-02-16
2340,284,1631.43,payment,False,2025-08-14
2341,176,2343.12,payment,False,2023-03-09
2342,225,1887.49,withdrawal,False,2025-09-30
2343,458,695.39,payment,False,2025-09-30
2344,75,1794.05,payment,False,2022-12-29
2345,135,737.61,payment,False,2024-04-21
2346,82,279.84,payment,False,2025-09-30
2347,83,1793.34,payment,False,2023-12-07
2348,142,448.89,payment,False,2024-03-22
2349,209,278.55,payment,False,2024-12-01
2350,215,1379.85,payment,False,2024-10-06
2351,403,1551.94,payment,False,2025-09-30
2352,310,128.59,payment,False,2022-02-01
2353,255,12.17,deposit,False,2025-08-20
2354,188,2205.29,payment,False,2022-11-07
2355,493,289.02,payment,False,2023-04-11
2356,247,1460.16,payment,False,2024-03-12
2357,255,2383.91,payment,True,2025-03-19
2358,323,1280.26,payment,False,2025-02-16
2359,162,350.36,deposit,False,2025-09-30
2360,345,984.32,payment,False,2025-01-29
2361,425,1560.48,transfer,False,2025-09-30
2362,415,1907.34,deposit,False,2023-05-20
2363,167,1517.74,deposit,False,2025-08-10
2364,78,86.76,payment,False,2024-12-26
2365,485,358.61,payment,False,2024-06-29
2366,436,930.13,withdrawal,False,2025-09-27
2367,175,1764.58,payment,False,2025-09-30
2368,20,1461.24,payment,False,2024-02-08
2369,96,112.69,deposit,False,2025-08-22
2370,481,1992.42,transfer,False,2025-09-30
2371,180,1513.21,payment,False,2023-05-16
2372,95,2217.99,payment,False,2025-09-30
2373,71,1044.72,payment,False,2025-09-30
2374,190,1226.01,payment,False,2025-09-30
2375,389,1014.47,payment,False,2023-08-26
2376,441,1806.41,deposit,False,2023-02-10
2377,132,1880.58,withdrawal,False,2024-10-22
2378,139,1808.38,transfer,False,2025-07-23
2379,275,729.71,payment,False,2025-05-17
2380,102,1590.44,payment,False,2025-05-29
2381,468,846.98,deposit,False,2025-04-24
2382,283,2085.67,deposit,False,2025-09-30
2383,29,138.74,deposit,True,2025-09-30
2384,18,95.26,payment,False,2024-02-14
2385,421,255.17,transfer,False,2025-09-30
2386,445,506.71,payment,False,2024-09-04
2387,244,95.05,transfer,False,2023-12-06
2388,175,179.97,deposit,False,2025-09-30
2389,89,765.84,payment,False,2025-05-25
2390,20,250.38,transfer,True,2025-04-16
2391,326,2005.38,payment,False,2023-12-18
2392,356,135.61,transfer,False,2025-04-23
2393,433,2269.92,withdrawal,False,2022-07-18
2394,399,2177.23,withdrawal,False,2024-05-31
2395,18,521.75,payment,False,2024-02-21
2396,38,179.75,payment,False,2023-06-07
2397,376,264.73,transfer,False,2023-06-12
2398,89,1398.16,payment,False,2025-03-13
2399,340,1502.69,deposit,False,2025-09-30
2400,150,789.64,withdrawal,False,2024-01-06
2401,499,742.79,withdrawal,False,2024-09-22
2402,204,1329.22,withdrawal,False,2023-09-23
2403,233,764.76,payment,False,2024-11-01
2404,104,2335.86,payment,False,2024-02-25
2405,444,957.2,withdrawal,False,2025-03-28
2406,111,550.31,deposit,False,2025-09-30
2407,225,365.77,withdrawal,False,2025-09-30
2408,221,1579.64,payment,False,2025-02-08
2409,450,817.33,transfer,False,2024-11-28
2410,26,472.8,withdrawal,False,2025-09-30
2411,64,690.26,payment,False,2024-07-25
2412,254,770.4,deposit,False,2025-09-30
2413,249,1564.96,withdrawal,False,2023-02-15
2414,224,437.53,withdrawal,False,2025-09-08
2415,314,1832.28,withdrawal,False,2023-11-09
2416,131,762.9,payment,False,2025-05-15
2417,30,1221.29,payment,False,2025-05-13
2418,275,1637.44,payment,False,2025-09-30
2419,10,1359.51,payment,False,2023-05-26
2420,89,1655.92,payment,False,2024-12-20
2421,430,807.17,payment,False,2023-09-28
2422,147,2408.66,deposit,False,2024-07-09
2423,127,1148.02,payment,False,2025-09-30
2424,186,805.51,withdrawal,False,2024-06-13
2425,124,741.69,payment,False,2023-05-02
2426,107,107.69,payment,False,2023-09-29
2427,341,1712.33,payment,False,2025-08-18
2428,6,657.03,deposit,False,2025-09-30
2429,51,2397.37,payment,False,2025-09-30
2430,398,526.9,payment,False,2025-09-30
2431,314,1324.2,payment,False,2023-01-14
2432,136,1838.94,payment,False,2024-10-11
2433,2,2175.42,deposit,False,2024-12-04
2434,18,392.0,deposit,False,2023-03-28
2435,249,2463.52,payment,False,2024-04-06
2436,470,2266.97,payment,False,2025-07-28
2437,185,2407.16,payment,False,2025-09-30
2438,222,2131.82,deposit,False,2023-11-09
2439,228,2194.3,payment,False,2023-04-28
2440,348,1497.47,withdrawal,False,2025-03-16
2441,419,2113.43,withdrawal,False,2022-04-01
2442,194,1335.5,payment,False,2023-03-25
2443,312,1346.0,withdrawal,False,2024-09-11
2444,484,1406.89,payment,False,2025-01-05
2445,210,2490.8,payment,False,2025-09-30
2446,299,261.88,payment,False,2023-10-24
2447,329,2014.22,payment,False,2025-06-29
2448,476,684.01,deposit,False,2022-10-07
2449,72,903.71,withdrawal,False,2023-04-20
2450,117,202.25,transfer,False,2024-01-28
2451,264,879.58,payment,False,2022-09-07
2452,5,2476.92,payment,False,2022-12-25
2453,269,993.28,payment,False,2024-04-29
2454,7,1674.55,deposit,False,2025-07-08
2455,21,302.66,payment,False,2025-08-05
2456,477,2306.32,payment,False,2025-04-08
2457,37,2069.54,payment,False,2025-06-01
2458,173,966.35,payment,False,2024-10-07
2459,436,871.81,payment,False,2025-09-30
2460,432,1081.24,payment,False,2025-09-30
2461,62,1003.74,payment,False,2023-01-06
2462,206,645.87,payment,False,2022-07-30
2463,101,2477.12,payment,False,2025-09-30
2464,119,2026.56,withdrawal,False,2024-06-27
2465,179,670.54,payment,False,2025-09-30
2466,132,2454.33,payment,False,2025-06-26
2467,376,39.81,withdrawal,True,2023-08-03
2468,342,1095.31,payment,False,2023-08-31
2469,440,1424.14,deposit,False,2025-09-30
2470,75,94.93,payment,False,2023-09-17
2471,290,403.43,payment,False,2023-07-19
2472,45,646.07,payment,False,2025-06-16
2473,144,1800.85,withdrawal,False,2023-06-16
2474,137,2349.42,payment,False,2025-01-01
2475,208,1561.71,payment,False,2025-09-30
2476,231,1407.09,payment,False,2025-09-30
2477,272,1342.36,payment,False,2023-05-28
2478,95,877.41,payment,False,2025-09-30
2479,415,2069.46,payment,False,2024-03-08
2480,397,1352.38,deposit,False,2025-09-30
2481,384,576.03,payment,False,2024-08-11
2482,261,342.94,deposit,False,2024-11-18
2483,379,2463.8,payment,False,2025-09-30
2484,127,44.67,payment,False,2025-07-02
2485,431,2333.67,transfer,False,2025-07-01
2486,167,546.54,withdrawal,False,2025-09-30
2487,18,1644.22,payment,False,2022-10-16
2488,148,754.53,payment,False,2025-09-30
2489,247,2149.67,deposit,False,2024-02-16
2490,130,1359.07,transfer,False,2025-09-30
2491,296,353.5,withdrawal,False,2025-09-30
2492,414,675.32,withdrawal,False,2025-06-06
2493,266,801.48,payment,False,2023-06-11
2494,320,2214.92,transfer,False,2024-09-18
2495,42,1917.08,payment,False,2024-07-05
2496,203,2074.14,payment,False,2023-07-14
2497,181,131.58,transfer,False,2024-04-29
2498,349,1447.38,payment,False,2025-05-13
2499,181,2497.94,payment,False,2024-12-24
2500,296,1963.21,payment,False,2024-05-10
2501,144,302.65,deposit,False,2024-02-20
2502,432,1697.37,payment,False,2025-09-30
2503,381,1863.56,payment,False,2025-09-30
2504,61,1286.11,payment,False,2024-12-23
2505,476,197.8,payment,False,2024-07-27
2506,209,87.68,deposit,False,2023-07-03
2507,166,2344.59,payment,False,2025-09-30
2508,370,644.53,payment,False,2023-05-13
2509,497,948.04,payment,False,2025-09-30
2510,300,1988.4,payment,True,2024-04-15
2511,143,1723.46,payment,False,2025-01-12
2512,351,2421.45,payment,False,2024-05-31
2513,61,233.01,payment,False,2025-03-10
2514,263,1767.59,payment,False,2025-09-25
2515,124,206.49,transfer,False,2023-05-30
2516,238,1.41,withdrawal,False,2024-05-09
2517,30,301.46,payment,False,2025-02-17
2518,420,1542.2,payment,False,2023-07-17
2519,255,1690.81,payment,False,2025-09-30
2520,369,1096.41,transfer,False,2022-07-24
2521,90,116.13,payment,False,2025-06-15
2522,139,1585.51,payment,False,2024-01-08
2523,379,215.46,transfer,False,2025-09-30
2524,454,355.17,payment,False,2025-02-27
2525,362,1281.93,payment,False,2025-01-01
2526,413,851.59,payment,False,2025-09-30
2527,348,1162.42,payment,False,2024-08-21
2528,207,1588.06,payment,False,2025-05-25
2529,93,400.86,deposit,False,2024-12-15
2530,134,2232.82,payment,False,2022-05-24
2531,368,1399.14,deposit,False,2023-12-05
2532,204,56.21,transfer,False,2024-06-03
2533,307,1571.5,withdrawal,False,2023-12-08
2534,336,1158.48,withdrawal,False,2023-08-15
2535,110,1754.4,transfer,False,2024-12-26
2536,38,1960.3,payment,False,2023-11-21
2537,457,2347.17,payment,False,2025-09-30
2538,22,2495.87,transfer,False,2024-10-19
2539,225,1374.49,payment,False,2025-07-03
2540,346,1404.21,payment,False,2025-09-30
2541,438,57.09,payment,False,2024-08-09
2542,168,2163.06,deposit,False,2025-09-30
2543,135,72.77,transfer,True,2024-12-08
2544,110,1582.03,payment,False,2024-05-15
2545,224,247.34,payment,False,2025-09-30
2546,168,715.31,payment,False,2025-02-09
2547,107,351.68,withdrawal,False,2023-09-18
2548,380,344.35,payment,False,2023-07-12
2549,24,187.43,payment,False,2025-09-30
2550,297,795.39,payment,False,2025-09-30
2551,307,1059.7,withdrawal,False,2022-04-04
2552,423,1161.72,withdrawal,False,2024-12-11
2553,358,1099.83,payment,False,2025-09-30
2554,370,1309.71,withdrawal,False,2023-08-23
2555,485,2149.61,payment,False,2023-07-04
2556,211,1579.86,payment,False,2025-09-30
2557,171,44.2,payment,False,2022-04-29
2558,69,433.21,payment,False,2025-09-17
2559,222,873.03,payment,False,2024-01-15
2560,443,2372.66,payment,False,2025-09-30
2561,153,196.12,payment,False,2024-06-28
2562,350,1775.59,payment,False,2023-03-06
2563,376,83.7,payment,False,2023-04-05
2564,281,906.98,payment,False,2025-01-24
2565,201,1925.6,payment,True,2023-06-13
2566,219,860.48,withdrawal,False,2025-09-30
2567,408,1076.27,payment,False,2023-07-30
2568,446,2263.36,withdrawal,False,2025-05-01
2569,104,166.36,payment,False,2022-08-18
2570,299,1319.63,deposit,False,2023-09-05
2571,315,916.23,payment,False,2023-12-06
2572,310,2409.57,payment,False,2023-03-09
2573,486,1984.43,withdrawal,False,2025-09-30
2574,335,306.07,payment,False,2023-08-29
2575,230,2318.6,payment,False,2022-08-10
2576,410,528.82,transfer,False,2022-06-25
2577,54,212.96,transfer,False,2025-09-30
2578,189,1354.44,withdrawal,False,2025-05-11
2579,222,1841.84,payment,True,2024-07-16
2580,75,1790.41,deposit,False,2022-11-21
2581,349,1335.61,payment,False,2025-09-30
2582,463,1232.35,transfer,False,2023-04-02
2583,172,2423.89,withdrawal,False,2022-03-17
2584,393,2051.58,payment,False,2024-07-09
2585,42,1746.9,payment,False,2024-09-03
2586,157,488.83,withdrawal,False,2025-09-30
2587,335,2049.61,deposit,False,2024-11-12
2588,81,1874.7,deposit,False,2024-05-31
2589,208,2480.07,transfer,False,2025-09-30
2590,314,333.35,payment,False,2023-04-12
2591,86,1788.52,payment,False,2025-09-30
2592,232,2447.73,withdrawal,False,2024-10-29
2593,447,1157.02,payment,False,2024-06-05
2594,177,1833.79,transfer,False,2025-02-14
2595,107,2438.45,deposit,False,2023-10-28
2596,139,1369.16,transfer,False,2025-08-04
2597,102,1747.9,payment,False,2025-09-30
2598,473,51.19,payment,False,2024-12-02
2599,310,1299.64,payment,False,2022-02-08
2600,30,640.25,payment,False,2024-11-14
2601,194,328.98,withdrawal,False,2023-05-20
2602,321,1771.79,payment,False,2025-04-29
2603,244,98.68,deposit,False,2023-07-23
2604,486,2262.26,payment,False,2025-09-30
2605,314,1294.92,deposit,False,2024-03-01
2606,185,1620.93,withdrawal,False,2025-03-22
2607,293,634.33,transfer,False,2024-11-22
2608,247,456.3,payment,False,2025-09-11
2609,118,610.14,payment,False,2023-12-07
2610,438,581.5,deposit,False,2024-12-19
2611,73,2161.39,payment,False,2025-09-30
2612,69,1968.56,payment,False,2024-12-12
2613,242,2131.99,transfer,False,2024-12-03
2614,152,1837.45,payment,False,2025-08-09
2615,319,1609.23,payment,False,2025-04-15
2616,475,1320.16,payment,False,2023-06-01
2617,94,664.44,payment,False,2025-09-30
2618,435,1763.7,withdrawal,False,2025-09-30
2619,271,342.32,payment,False,2024-11-26
2620,431,1278.14,withdrawal,False,2024-09-27
2621,457,488.99,payment,False,2025-09-30
2622,430,1262.39,deposit,False,2024-02-02
2623,229,735.47,payment,False,2022-07-24
2624,30,134.65,deposit,False,2025-08-04
2625,113,1259.77,transfer,False,2025-09-30
2626,335,455.39,withdrawal,False,2024-05-28
2627,148,403.73,payment,False,2025-09-30
2628,57,961.53,payment,False,2025-09-30
2629,177,905.11,payment,False,2025-02-16
2630,312,2167.53,withdrawal,False,2024-05-26
2631,56,1412.03,payment,False,2025-09-30
2632,409,2136.56,deposit,False,2025-09-30
2633,265,367.94,transfer,False,2022-01-23
2634,237,893.92,payment,False,2024-05-29
2635,278,1388.77,payment,False,2025-09-30
2636,77,383.67,transfer,False,2024-04-22
2637,421,321.01,payment,False,2025-09-30
2638,124,1653.84,payment,False,2023-05-07
2639,28,1634.93,withdrawal,False,2025-05-05
2640,142,586.16,payment,False,2023-11-03
2641,158,568.58,transfer,False,2025-09-30
2642,167,1863.87,deposit,False,2025-09-30
2643,185,293.35,payment,False,2025-09-30
2644,389,2308.24,payment,False,2022-10-02
2645,12,2359.4,transfer,False,2023-07-07
2646,419,2177.61,withdrawal,False,2023-11-23
2647,169,527.48,payment,False,2025-09-30
2648,319,42.99,payment,False,2023-12-19
2649,426,2341.79,payment,True,2023-04-28
2650,381,860.59,transfer,False,2024-12-25
2651,449,776.72,payment,False,2024-05-01
2652,494,654.93,payment,False,2024-06-03
2653,449,612.1,transfer,False,2025-03-04
2654,106,1836.65,payment,False,2025-09-30
2655,254,2269.83,payment,False,2025-03-08
2656,427,1965.35,transfer,False,2023-02-08
2657,444,1685.6,payment,False,2024-08-19
2658,404,720.11,transfer,False,2025-09-30
2659,98,1367.86,payment,False,2022-11-26
2660,119,593.18,payment,False,2023-03-22
2661,226,279.66,payment,False,2023-12-01
2662,447,301.61,transfer,False,2024-11-26
2663,375,1509.82,payment,False,2024-04-03
2664,152,97.16,payment,False,2023-11-28
2665,476,2433.16,payment,False,2023-12-02
2666,203,2488.67,payment,False,2023-08-04
2667,456,374.41,withdrawal,False,2025-09-30
2668,163,1068.83,payment,False,2024-11-02
2669,297,1920.42,deposit,False,2025-09-30
2670,122,2387.71,deposit,False,2025-09-30
2671,16,2228.41,payment,False,2023-02-21
2672,378,637.63,payment,False,2025-09-30
2673,336,213.91,payment,False,2022-05-22
2674,106,722.53,transfer,False,2025-09-30
2675,262,1093.66,payment,False,2023-06-03
2676,20,900.49,payment,False,2023-12-10
2677,440,1934.9,withdrawal,False,2025-09-25
2678,244,645.21,transfer,False,2024-01-09
2679,244,2146.73,payment,True,2024-05-29
2680,459,564.86,deposit,False,2025-04-14
2681,392,904.02,payment,False,2023-09-07
2682,212,1120.07,payment,False,2024-03-05
2683,224,728.75,payment,False,2025-09-30
2684,353,1916.16,deposit,False,2025-09-26
2685,262,1024.46,payment,False,2024-03-18
2686,220,2217.68,payment,False,2025-09-30
2687,8,2409.01,payment,False,2022-04-30
2688,446,2149.66,payment,False,2025-01-28
2689,14,1307.04,payment,False,2025-09-30
2690,387,1275.01,payment,False,2024-01-24
2691,130,540.47,payment,False,2025-09-13
2692,22,1481.1,payment,False,2024-02-26
2693,225,2381.86,payment,False,2025-09-30
2694,235,202.44,payment,False,2023-06-22
2695,341,1881.39,payment,False,2025-09-30
2696,454,2173.98,payment,False,2023-05-18
2697,488,2466.77,payment,False,2025-06-08
2698,199,837.56,deposit,False,2025-09-30
2699,134,889.58,payment,False,2022-11-30
2700,178,575.21,payment,False,2024-11-04
2701,44,1972.87,withdrawal,False,2025-09-30
2702,8,350.96,payment,False,2023-09-01
2703,280,670.15,deposit,False,2024-04-19
2704,27,738.86,payment,False,2025-03-18
2705,437,937.95,payment,False,2022-04-06
2706,51,1054.74,payment,False,2025-09-30
2707,412,1398.0,transfer,False,2025-08-06
2708,443,2370.98,payment,False,2024-08-12
2709,69,618.95,transfer,False,2025-01-20
2710,467,1948.27,payment,False,2024-06-20
2711,457,1691.3,transfer,False,2025-09-30
2712,281,291.01,payment,False,2023-07-17
2713,44,2026.13,withdrawal,False,2025-09-30
2714,175,227.44,withdrawal,False,2025-09-30
2715,119,1847.58,deposit,False,2025-01-26
2716,365,1789.75,payment,False,2023-04-18
2717,376,1723.82,withdrawal,False,2023-07-02
2718,269,692.45,withdrawal,False,2024-12-04
2719,181,1433.84,payment,False,2024-01-28
2720,53,1904.18,deposit,False,2025-09-30
2721,293,1594.34,payment,False,2024-09-05
2722,191,2010.96,payment,False,2024-02-22
2723,194,1720.02,withdrawal,False,2023-08-04
2724,371,686.85,withdrawal,False,2025-09-30
2725,40,383.49,payment,False,2025-09-30
2726,78,1580.32,withdrawal,False,2024-06-07
2727,189,1899.64,deposit,False,2024-09-16
2728,95,356.67,payment,False,2025-09-30
2729,390,437.88,payment,False,2022-05-06
2730,25,31.16,deposit,True,2025-09-30
2731,103,1329.84,payment,False,2024-09-30
2732,302,1356.19,payment,False,2024-07-18
2733,159,1250.69,payment,False,2022-07-04
2734,358,790.71,deposit,False,2025-09-30
2735,208,1070.1,deposit,False,2025-09-30
2736,447,1915.83,payment,False,2024-10-03
2737,347,455.31,payment,False,2023-05-09
2738,94,504.67,withdrawal,False,2025-09-30
2739,324,1667.78,payment,False,2023-04-22
2740,39,2167.39,transfer,False,2025-02-27
2741,336,851.64,payment,False,2023-09-11
2742,164,2331.93,payment,False,2024-09-15
2743,391,145.13,payment,False,2025-09-30
2744,341,297.18,payment,False,2025-09-24
2745,322,1150.44,payment,False,2023-12-12
2746,55,1808.99,transfer,False,2023-09-01
2747,72,927.72,payment,False,2022-10-11
2748,42,1387.31,withdrawal,False,2023-03-31
2749,411,72.4,payment,False,2023-03-19
2750,386,1155.12,payment,False,2025-02-22
2751,326,607.2,transfer,False,2023-08-25
2752,132,1291.41,payment,False,2025-09-30
2753,21,1315.06,payment,False,2023-11-03
2754,1,1883.14,payment,False,2023-06-29
2755,166,1350.06,deposit,False,2025-09-30
2756,60,1536.06,transfer,False,2023-11-25
2757,76,1324.59,payment,False,2022-09-02
2758,91,2475.95,withdrawal,False,2024-04-05
2759,398,1979.26,payment,False,2025-09-30
2760,207,1889.36,withdrawal,False,2024-08-30
2761,88,1568.52,transfer,False,2024-10-15
2762,82,1321.4,payment,False,2025-09-30
2763,17,862.55,withdrawal,False,2025-09-30
2764,329,1960.14,payment,False,2025-07-20
2765,431,474.83,withdrawal,False,2025-09-30
2766,210,92.34,payment,False,2025-09-30
2767,312,1745.73,withdrawal,False,2025-09-30
2768,383,362.98,payment,False,2025-03-05
2769,53,2259.66,payment,False,2025-09-30
2770,128,1926.93,withdrawal,False,2025-01-11
2771,146,1506.01,payment,False,2025-09-30
2772,453,785.5,payment,False,2025-09-30
2773,304,1595.22,payment,False,2024-06-27
2774,393,1192.66,payment,True,2025-09-30
2775,310,728.58,withdrawal,False,2023-01-08
2776,419,2362.75,deposit,False,2023-10-04
2777,492,405.56,payment,False,2025-09-30
2778,248,1883.71,withdrawal,False,2025-09-30
2779,430,2000.3,withdrawal,False,2022-12-30
2780,1,2379.53,payment,False,2024-02-04
2781,41,1373.99,payment,False,2024-11-08
2782,73,1337.65,transfer,False,2025-09-30
2783,160,2300.8,payment,False,2022-06-21
2784,212,2002.93,payment,False,2024-12-13
2785,333,1909.33,withdrawal,False,2025-09-30
2786,296,1973.05,withdrawal,False,2025-09-30
2787,139,1233.46,deposit,False,2024-11-14
2788,446,104.51,transfer,False,2025-09-30
2789,430,496.46,payment,False,2023-09-10
2790,304,1607.84,withdrawal,False,2024-06-28
2791,43,991.02,transfer,False,2025-09-30
2792,179,1517.32,payment,False,2025-08-19
2793,189,1379.64,withdrawal,False,2024-02-14
2794,246,1097.21,payment,False,2023-05-05
2795,298,587.59,payment,False,2024-10-05
2796,154,1797.68,withdrawal,False,2022-06-22
2797,104,2272.7,transfer,False,2022-06-21
2798,11,1925.14,payment,False,2023-12-30
2799,25,300.98,payment,False,2025-09-30
2800,296,1345.34,transfer,False,2025-05-25
2801,25,2088.58,payment,False,2025-09-30
2802,84,1477.86,withdrawal,False,2025-04-07
2803,106,1099.48,payment,False,2025-09-30
2804,241,712.08,payment,False,2023-04-26
2805,119,826.65,payment,False,2023-08-18
2806,459,606.15,payment,False,2025-03-03
2807,108,490.12,payment,False,2025-02-03
2808,330,1472.57,payment,False,2025-09-30
2809,180,1273.95,payment,False,2023-01-04
2810,369,1837.35,payment,False,2023-07-11
2811,131,770.52,payment,False,2025-07-27
2812,295,1152.6,transfer,False,2025-09-30
2813,91,1701.25,payment,False,2024-01-24
2814,419,2408.12,payment,True,2022-08-18
2815,241,872.83,payment,False,2022-05-31
2816,247,746.22,payment,False,2024-11-22
2817,168,1123.77,deposit,False,2024-07-19
2818,223,1809.96,payment,False,2024-01-26
2819,469,2403.91,withdrawal,True,2024-03-02
2820,278,1341.8,payment,False,2025-03-26
2821,190,2031.29,payment,False,2025-09-30
2822,19,1161.54,payment,False,2024-03-01
2823,14,100.6,withdrawal,False,2025-09-30
2824,485,2235.63,payment,False,2023-08-09
2825,243,725.41,withdrawal,False,2025-03-17
2826,109,347.53,payment,False,2025-09-30
2827,434,2490.41,payment,False,2023-10-19
2828,190,869.15,deposit,False,2025-09-30
2829,471,342.21,payment,False,2025-09-16
2830,218,779.54,withdrawal,False,2022-09-26
2831,299,1285.08,payment,False,2025-03-21
2832,311,220.8,transfer,True,2024-04-08
2833,236,882.2,transfer,False,2022-08-10
2834,168,1672.47,withdrawal,True,2025-01-18
2835,268,2289.91,withdrawal,False,2025-03-30
2836,193,994.2,deposit,False,2025-04-22
2837,242,1411.85,payment,False,2024-07-30
2838,162,1590.52,deposit,False,2025-09-30
2839,364,177.81,payment,False,2024-08-19
2840,339,856.22,payment,False,2025-09-30
2841,279,1710.95,transfer,False,2023-12-22
2842,455,1839.42,withdrawal,False,2025-01-09
2843,135,890.52,payment,False,2024-12-10
2844,193,17.83,transfer,False,2025-09-30
2845,402,18.16,deposit,False,2025-02-11
2846,392,1345.76,payment,False,2022-01-24
2847,89,1379.16,withdrawal,False,2025-09-30
2848,42,1389.74,payment,False,2024-10-09
2849,93,1804.66,deposit,False,2025-05-11
2850,215,2303.25,payment,False,2023-09-01
2851,349,2475.44,payment,False,2025-04-23
2852,1,1752.97,payment,False,2024-02-07
2853,335,1285.48,payment,False,2024-04-30
2854,399,353.35,payment,False,2024-04-20
2855,412,961.05,payment,False,2025-09-28
2856,164,1431.57,withdrawal,False,2025-09-30
2857,106,2499.52,payment,False,2025-09-30
2858,232,318.33,payment,False,2024-05-15
2859,480,1982.9,payment,False,2023-10-27
2860,46,2497.35,withdrawal,False,2022-10-03
2861,205,2013.42,payment,False,2024-06-13
2862,21,1918.09,payment,False,2024-05-22
2863,177,647.44,payment,False,2025-06-03
2864,167,9.4,withdrawal,False,2025-09-30
2865,294,565.74,payment,False,2024-05-28
2866,265,1974.71,payment,False,2023-03-18
2867,276,269.1,deposit,False,2024-09-06
2868,340,741.0,payment,False,2025-09-30
2869,8,1406.7,transfer,False,2023-05-07
2870,270,1449.95,deposit,False,2024-07-31
2871,318,1357.93,payment,False,2023-01-30
2872,212,2452.23,withdrawal,False,2024-02-28
2873,163,31.7,payment,False,2023-07-16
2874,311,1219.51,payment,False,2025-04-25
2875,45,1261.55,deposit,False,2025-09-30
2876,405,734.01,payment,False,2025-09-30
2877,233,1313.15,payment,False,2025-04-30
2878,53,1683.53,transfer,False,2025-07-31
2879,233,1682.22,payment,False,2025-09-30
2880,438,220.55,payment,False,2025-02-12
2881,342,2006.35,payment,False,2024-03-17
2882,171,2326.84,payment,False,2023-07-12
2883,6,309.91,payment,False,2025-06-24
2884,439,1042.18,withdrawal,False,2025-07-13
2885,44,1279.86,transfer,False,2025-09-30
2886,91,337.92,payment,False,2023-06-12
2887,196,1258.96,payment,False,2025-05-24
2888,4,517.94,deposit,False,2025-09-30
2889,121,2338.47,withdrawal,False,2025-09-30
2890,63,1121.73,payment,False,2023-07-28
2891,92,2487.26,payment,False,2022-04-18
2892,247,117.23,payment,False,2025-04-28
2893,219,319.82,payment,False,2025-05-26
2894,442,1108.58,payment,False,2023-12-22
2895,438,2186.02,payment,False,2024-07-03
2896,337,1388.51,payment,False,2025-06-06
2897,231,1831.13,payment,False,2025-01-18
2898,294,1059.48,payment,False,2023-07-06
2899,188,102.24,payment,False,2022-06-16
2900,308,1619.88,payment,False,2023-10-17
2901,413,1585.37,deposit,False,2025-09-30
2902,168,179.5,withdrawal,False,2025-09-30
2903,455,428.03,withdrawal,False,2025-09-30
2904,264,1190.91,payment,False,2023-07-25
2905,105,1117.15,payment,False,2022-09-26
2906,481,1881.29,payment,False,2025-09-30
2907,224,969.15,payment,False,2025-09-30
2908,419,1658.59,transfer,False,2023-07-01
2909,466,1761.35,payment,False,2024-04-05
2910,115,1612.86,deposit,False,2025-02-25
2911,379,1490.72,payment,False,2025-09-30
2912,235,2014.4,deposit,False,2023-11-29
2913,272,1643.11,payment,False,2022-12-23
2914,274,2085.63,deposit,False,2025-09-30
2915,443,1592.08,payment,False,2024-09-03
2916,230,398.27,payment,False,2023-06-14
2917,217,774.3,transfer,False,2024-12-13
2918,34,826.56,payment,False,2025-09-30
2919,388,235.69,deposit,False,2025-02-01
2920,197,1731.07,payment,False,2025-09-30
2921,383,1488.18,payment,False,2023-06-30
2922,462,1474.8,payment,False,2025-05-29
2923,449,1196.81,payment,False,2024-12-02
2924,317,1358.27,withdrawal,False,2024-11-17
2925,214,21.21,payment,False,2024-03-31
2926,46,241.52,withdrawal,False,2024-01-17
2927,405,1708.7,payment,False,2025-07-25
2928,333,654.41,transfer,False,2024-10-27
2929,240,270.67,payment,False,2022-08-11
2930,254,822.31,payment,False,2025-01-21
2931,228,636.95,payment,False,2022-12-23
2932,221,74.4,transfer,False,2025-09-30
2933,379,1026.98,payment,False,2025-09-30
2934,166,68.55,payment,False,2025-03-20
2935,73,1.98,payment,False,2024-07-10
2936,225,1981.39,transfer,False,2025-09-30
2937,86,788.11,payment,False,2025-09-30
2938,81,1419.4,payment,False,2023-06-13
2939,444,745.08,payment,False,2024-04-05
2940,215,2325.13,payment,False,2024-02-12
2941,164,1823.22,payment,False,2025-09-30
2942,390,923.56,payment,False,2024-03-08
2943,240,527.36,payment,False,2023-09-06
2944,423,345.38,withdrawal,False,2024-09-18
2945,413,1906.28,transfer,False,2025-09-30
2946,411,1133.14,payment,False,2023-04-20
2947,69,580.68,payment,False,2025-08-01
2948,137,2299.15,payment,False,2025-04-20
2949,152,975.85,deposit,False,2024-04-01
2950,447,1359.19,payment,False,2024-09-12
2951,403,2144.64,transfer,False,2025-08-31
2952,97,2083.6,payment,False,2024-04-23
2953,379,1595.25,payment,False,2025-09-30
2954,158,2221.67,payment,False,2025-09-30
2955,186,2380.29,transfer,False,2024-06-06
2956,168,2337.85,transfer,False,2025-09-30
2957,244,873.17,transfer,False,2024-10-23
2958,119,993.53,withdrawal,False,2023-10-13
2959,196,602.02,payment,False,2025-06-02
2960,288,2092.24,payment,False,2025-09-20
2961,369,305.44,payment,False,2023-10-26
2962,65,888.35,withdrawal,False,2025-09-30
2963,162,25.32,payment,False,2025-09-30
2964,85,1487.02,withdrawal,False,2025-01-30
2965,415,1646.3,payment,False,2023-07-05
2966,59,623.22,deposit,False,2023-07-16
2967,462,1842.09,transfer,False,2025-06-05
2968,282,954.46,withdrawal,False,2025-06-05
2969,150,779.97,deposit,False,2023-07-12
2970,418,2390.46,payment,False,2024-08-28
2971,481,1472.14,payment,False,2025-09-30
2972,121,631.55,transfer,False,2025-09-30
2973,269,2458.12,payment,False,2024-02-04
2974,255,969.49,payment,False,2025-09-30
2975,224,1619.93,payment,False,2025-09-30
2976,55,1809.91,withdrawal,False,2024-07-14
2977,136,1056.32,payment,False,2023-05-29
2978,190,1340.26,payment,False,2025-09-30
2979,406,600.22,transfer,True,2024-11-12
2980,253,1165.09,transfer,False,2024-01-14
2981,489,777.69,payment,False,2025-03-22
2982,312,1369.1,withdrawal,False,2025-09-30
2983,84,1675.06,deposit,False,2024-06-15
2984,405,1535.4,payment,False,2025-09-30
2985,354,1942.02,payment,False,2025-09-30
2986,177,104.78,payment,False,2025-09-30
2987,94,197.41,deposit,False,2025-08-14
2988,390,514.08,payment,False,2022-08-30
2989,35,2464.52,withdrawal,False,2025-02-01
2990,411,2000.87,withdrawal,False,2023-09-10
2991,212,2310.38,payment,False,2023-05-23
2992,126,680.95,payment,False,2025-06-10
2993,369,1435.07,payment,False,2023-03-24
2994,230,1387.66,payment,False,2022-05-01
2995,168,1424.23,payment,False,2024-10-06
2996,14,1794.2,payment,False,2025-09-30
2997,74,985.56,withdrawal,False,2025-09-30
2998,52,1693.35,payment,False,2023-12-04
2999,362,1971.3,payment,False,2024-03-18
3000,207,723.39,payment,False,2025-09-30
3001,296,2364.41,payment,False,2024-04-22
3002,43,1295.6,deposit,False,2025-08-22
3003,368,1832.17,payment,False,2024-02-15
3004,442,1822.58,payment,False,2023-11-14
3005,3,1413.54,withdrawal,False,2023-01-26
3006,399,807.39,payment,False,2024-05-31
3007,429,1667.68,payment,False,2025-02-22
3008,95,219.12,deposit,False,2025-09-30
3009,395,2453.61,payment,False,2025-09-30
3010,238,460.81,payment,False,2025-07-23
3011,167,689.29,payment,False,2025-09-30
3012,19,2386.14,payment,False,2023-09-20
3013,207,467.17,withdrawal,False,2025-09-30
3014,230,426.06,deposit,False,2022-07-07
3015,404,2011.54,transfer,False,2025-06-21
3016,214,628.97,payment,False,2024-05-07
3017,455,237.72,transfer,False,2025-09-30
3018,56,567.38,withdrawal,False,2025-09-30
3019,334,2221.05,payment,False,2022-09-28
3020,374,701.52,deposit,False,2024-12-18
3021,132,1737.96,payment,False,2024-12-22
3022,9,988.45,payment,False,2023-04-02
3023,231,656.03,payment,False,2025-09-30
3024,153,360.97,withdrawal,False,2024-11-22
3025,431,2430.51,payment,False,2024-06-24
3026,483,1303.27,payment,False,2025-09-30
3027,485,287.77,transfer,False,2023-10-07
3028,305,497.84,payment,False,2024-05-13
3029,411,1018.84,payment,False,2022-09-26
3030,284,1360.88,transfer,False,2024-10-17
3031,472,455.31,payment,False,2023-01-05
3032,481,695.04,payment,False,2025-09-30
3033,481,1959.48,withdrawal,False,2025-09-30
3034,190,1044.29,payment,False,2025-09-30
3035,16,4.5,transfer,False,2023-01-11
3036,343,135.8,payment,False,2024-06-22
3037,430,1098.88,deposit,False,2023-04-17
3038,203,151.23,payment,False,2023-08-21
3039,174,435.59,payment,False,2023-01-20
3040,168,1819.96,payment,False,2025-06-02
3041,339,1201.48,payment,False,2025-09-30
3042,34,1206.67,payment,False,2025-09-17
3043,471,1495.95,payment,False,2025-03-10
3044,394,1971.51,deposit,False,2023-10-16
3045,229,397.31,payment,False,2023-09-11
3046,495,433.45,payment,False,2024-07-07
3047,1,304.39,payment,False,2024-04-16
3048,322,2342.14,payment,False,2023-10-20
3049,115,1443.65,payment,False,2024-06-13
3050,214,232.51,payment,False,2025-06-01
3051,254,552.39,payment,False,2024-10-06
3052,145,1814.25,deposit,False,2024-08-23
3053,47,73.45,withdrawal,False,2024-11-30
3054,280,1814.41,payment,False,2023-05-01
3055,178,2278.75,payment,False,2024-07-19
3056,213,141.9,payment,False,2024-09-12
3057,360,466.86,transfer,False,2025-09-30
3058,285,6.94,payment,False,2023-10-22
3059,245,273.47,deposit,False,2025-09-30
3060,253,1542.86,payment,False,2025-05-08
3061,206,113.0,payment,False,2023-05-16
3062,72,1065.16,transfer,False,2022-08-12
3063,222,1259.0,transfer,False,2024-03-05
3064,342,2266.67,payment,False,2024-02-27
3065,215,1186.25,deposit,False,2023-12-29
3066,360,357.22,withdrawal,False,2025-09-30
3067,499,723.94,payment,True,2025-09-30
3068,141,1680.82,withdrawal,False,2025-09-30
3069,448,281.18,transfer,False,2024-11-06
3070,156,580.13,payment,False,2025-09-30
3071,222,2489.45,transfer,False,2023-11-24
3072,389,14.83,withdrawal,False,2024-03-15
3073,330,381.31,payment,False,2025-09-30
3074,231,2109.37,withdrawal,False,2025-09-30
3075,393,254.35,withdrawal,False,2025-06-09
3076,142,85.07,payment,False,2024-06-05
3077,358,304.16,payment,False,2025-03-04
3078,394,1734.3,withdrawal,False,2023-09-20
3079,417,2482.78,deposit,False,2024-12-14
3080,75,1477.0,payment,False,2023-07-31
3081,40,311.67,payment,False,2025-09-30
3082,390,460.26,payment,False,2022-06-11
3083,273,1344.67,payment,False,2024-03-01
3084,420,1789.43,payment,False,2023-04-10
3085,70,1657.62,withdrawal,False,2025-09-30
3086,317,1437.24,transfer,False,2023-07-04
3087,111,2465.69,payment,False,2025-09-30
3088,458,495.89,deposit,False,2025-09-30
3089,433,433.09,deposit,False,2024-01-16
3090,234,2147.79,payment,False,2025-09-30
3091,197,727.76,deposit,False,2025-09-30
3092,339,831.98,payment,False,2025-07-16
3093,199,1372.12,transfer,False,2025-09-30
3094,24,953.81,payment,False,2025-03-11
3095,307,719.81,payment,False,2022-12-10
3096,426,2293.02,payment,False,2024-05-03
3097,147,324.06,payment,False,2025-09-30
3098,62,1011.32,payment,False,2022-05-05
3099,459,8.41,payment,False,2025-09-30
3100,67,2018.83,payment,False,2023-03-08
3101,30,421.88,payment,False,2024-08-09
3102,107,1932.7,payment,False,2023-07-21
3103,166,372.36,withdrawal,False,2025-09-30
3104,390,1042.43,payment,False,2022-12-20
3105,367,1820.73,payment,False,2023-05-21
3106,483,677.75,withdrawal,False,2025-09-30
3107,406,785.48,payment,False,2023-10-15
3108,121,1668.64,payment,False,2025-01-22
3109,11,470.06,payment,False,2023-11-27
3110,72,2379.51,deposit,False,2023-02-09
3111,347,472.78,deposit,False,2023-02-02
3112,253,1875.24,payment,False,2025-05-16
3113,285,2006.69,payment,False,2023-02-10
3114,119,936.55,payment,False,2024-12-03
3115,375,391.44,payment,False,2025-04-08
3116,8,415.59,payment,False,2022-10-25
3117,215,2463.64,deposit,False,2023-12-11
3118,221,1813.8,payment,False,2025-09-30
3119,80,1125.67,withdrawal,False,2023-04-15
3120,419,644.12,transfer,False,2022-09-26
3121,72,48.26,payment,False,2022-06-21
3122,200,1676.49,transfer,False,2023-06-08
3123,173,2392.33,transfer,False,2023-07-12
3124,289,268.0,withdrawal,False,2025-09-30
3125,234,1886.47,payment,False,2025-05-01
3126,261,383.94,withdrawal,False,2023-10-29
3127,446,1980.47,transfer,False,2025-06-29
3128,421,927.06,withdrawal,False,2025-09-30
3129,145,1780.44,payment,False,2025-03-16
3130,22,2315.78,deposit,False,2023-06-16
3131,78,1550.73,transfer,False,2024-12-05
3132,230,2301.83,payment,False,2022-06-22
3133,160,588.33,withdrawal,False,2023-07-21
3134,14,2445.36,payment,False,2025-09-30
3135,236,2182.25,payment,False,2024-02-13
3136,148,269.83,payment,False,2024-08-16
3137,150,1034.44,payment,False,2024-12-09
3138,30,2317.65,withdrawal,False,2024-07-31
3139,438,196.21,payment,False,2024-12-30
3140,161,1134.95,payment,False,2025-09-30
3141,261,1809.26,payment,False,2024-03-23
3142,18,84.58,payment,False,2023-04-08
3143,63,1882.32,withdrawal,False,2023-06-26
3144,430,903.65,payment,False,2022-12-07
3145,135,624.18,payment,False,2023-10-15
3146,157,1440.35,transfer,False,2025-08-16
3147,57,1361.28,payment,False,2025-09-30
3148,431,2184.97,withdrawal,False,2024-10-09
3149,265,1690.33,payment,True,2023-04-04
3150,254,1055.24,payment,False,2025-06-25
3151,495,1625.7,payment,False,2025-06-07
3152,187,1875.62,payment,False,2025-09-30
3153,368,2343.38,payment,False,2024-09-23
3154,361,1760.95,payment,False,2025-09-30
3155,379,1360.14,withdrawal,False,2025-09-30
3156,327,933.08,payment,False,2025-09-30
3157,199,2228.82,payment,False,2025-09-30
3158,369,1981.51,deposit,False,2024-02-20
3159,171,193.88,payment,False,2023-08-08
3160,315,1749.15,transfer,False,2023-12-30
3161,6,1347.34,deposit,False,2025-09-30
3162,366,260.01,payment,False,2025-09-20
3163,256,1412.84,transfer,False,2025-09-27
3164,367,482.07,deposit,False,2023-06-26
3165,309,1770.65,transfer,False,2022-07-08
3166,320,696.87,withdrawal,False,2023-04-29
3167,488,376.71,transfer,False,2024-09-14
3168,248,205.85,withdrawal,False,2025-09-30
3169,219,1227.51,deposit,False,2025-09-30
3170,4,499.89,withdrawal,False,2024-12-16
3171,1,2137.96,transfer,False,2023-03-17
3172,326,8.5,payment,False,2023-08-30
3173,31,2109.25,withdrawal,False,2023-10-20
3174,321,1303.21,transfer,False,2025-09-30
3175,117,2305.44,payment,False,2025-02-15
3176,453,512.32,payment,False,2025-09-30
3177,275,256.58,payment,False,2025-05-05
3178,197,1562.77,transfer,False,2025-09-30
3179,374,1767.11,deposit,False,2023-07-16
3180,325,932.09,payment,False,2025-09-27
3181,177,35.19,transfer,False,2024-07-15
3182,287,1018.0,payment,False,2025-07-13
3183,444,585.23,payment,False,2023-10-29
3184,236,869.33,withdrawal,False,2023-06-25
3185,455,1267.38,payment,False,2025-09-30
3186,79,1756.15,payment,False,2025-09-30
3187,243,2408.1,withdrawal,False,2025-05-24
3188,311,360.86,payment,False,2024-04-09
3189,205,1700.07,deposit,False,2023-08-21
3190,460,583.8,payment,False,2022-10-17
3191,383,552.54,transfer,False,2024-04-24
3192,211,1584.25,deposit,False,2025-09-30
3193,333,1940.22,withdrawal,False,2025-06-05
3194,91,2444.49,payment,False,2023-10-28
3195,166,1922.31,transfer,False,2025-09-03
3196,161,394.13,payment,False,2025-09-15
3197,6,564.28,payment,False,2025-04-25
3198,141,1903.71,payment,False,2025-09-30
3199,205,1317.94,transfer,False,2022-10-21
3200,461,739.22,deposit,False,2024-02-02
3201,20,1179.99,transfer,False,2024-11-04
3202,100,2287.31,withdrawal,False,2024-09-05
3203,165,1889.24,payment,False,2024-05-12
3204,45,1127.29,transfer,False,2025-09-30
3205,457,2451.4,payment,False,2025-09-30
3206,337,1987.39,payment,False,2025-09-30
3207,227,15.67,payment,False,2024-07-30
3208,315,281.81,payment,False,2024-02-09
3209,52,1385.37,deposit,False,2023-10-28
3210,146,875.54,payment,False,2025-02-25
3211,281,2031.58,payment,True,2024-03-08
3212,123,2239.32,withdrawal,False,2025-03-05
3213,207,602.39,payment,False,2025-09-30
3214,471,1908.45,payment,False,2025-09-30
3215,385,1338.96,transfer,False,2023-09-14
3216,297,980.53,payment,False,2025-09-30
3217,102,1967.16,deposit,False,2025-09-27
3218,274,1412.74,payment,False,2025-08-29
3219,129,1588.57,payment,False,2025-05-08
3220,167,156.57,withdrawal,True,2025-09-30
3221,202,1465.11,payment,False,2023-08-23
3222,415,752.48,payment,False,2023-09-04
3223,102,1233.74,payment,False,2025-09-30
3224,71,555.81,payment,False,2025-09-30
3225,422,1536.57,payment,False,2023-10-19
3226,8,369.52,payment,False,2022-11-17
3227,162,308.14,payment,False,2025-09-30
3228,73,471.84,transfer,False,2024-09-27
3229,345,2043.84,payment,False,2025-02-16
3230,27,84.8,payment,False,2025-01-31
3231,169,1824.21,withdrawal,False,2025-07-03
3232,263,142.21,deposit,False,2025-08-08
3233,288,1480.05,payment,False,2025-09-30
3234,73,1934.12,payment,False,2024-08-06
3235,209,578.45,payment,False,2023-09-27
3236,99,490.67,payment,False,2025-09-30
3237,368,723.66,payment,False,2024-03-24
3238,400,1749.33,payment,False,2023-07-21
3239,386,637.81,payment,False,2024-12-31
3240,427,1254.92,payment,False,2024-06-24
3241,31,337.03,payment,False,2024-04-21
3242,336,1153.53,withdrawal,False,2023-07-26
3243,431,1562.2,payment,False,2025-08-29
3244,33,180.48,payment,False,2022-04-18
3245,213,2038.74,payment,False,2023-09-10
3246,145,2343.65,payment,False,2023-11-03
3247,99,484.68,deposit,False,2025-09-30
3248,310,1898.82,transfer,False,2022-09-20
3249,310,784.35,payment,False,2023-11-29
3250,435,1692.13,payment,False,2025-09-30
3251,180,767.39,withdrawal,False,2023-10-03
3252,135,2156.0,payment,False,2024-06-09
3253,438,868.42,transfer,False,2024-12-02
3254,477,2122.23,payment,False,2024-06-29
3255,395,1915.59,withdrawal,False,2025-02-09
3256,190,491.61,payment,False,2025-09-30
3257,30,393.23,payment,False,2025-04-07
3258,82,1949.36,payment,False,2025-09-30
3259,57,976.37,withdrawal,False,2025-09-30
3260,174,2373.53,deposit,False,2022-02-25
3261,208,2357.43,transfer,False,2025-09-30
3262,326,1734.01,payment,False,2022-07-07
3263,322,1251.95,withdrawal,False,2025-01-13
3264,183,488.22,payment,False,2022-08-30
3265,235,2206.1,payment,False,2023-07-14
3266,107,205.91,payment,False,2023-08-11
3267,186,926.51,payment,False,2022-09-17
3268,266,798.73,deposit,False,2023-08-08
3269,132,2396.11,deposit,False,2025-04-19
3270,497,296.17,payment,False,2025-06-25
3271,330,2225.48,payment,False,2025-09-30
3272,329,1141.63,deposit,False,2024-04-24
3273,318,119.7,transfer,False,2023-07-06
3274,365,1822.44,payment,False,2023-05-10
3275,171,253.1,transfer,False,2023-05-22
3276,298,593.27,transfer,False,2024-12-18
3277,24,1999.52,payment,False,2025-09-19
3278,261,387.68,withdrawal,False,2024-05-10
3279,355,814.35,payment,False,2025-09-14
3280,196,903.13,withdrawal,False,2025-09-30
3281,99,1472.42,payment,False,2025-09-30
3282,490,1975.04,payment,False,2023-08-13
3283,376,577.8,payment,False,2022-09-12
3284,333,515.25,withdrawal,False,2025-03-08
3285,101,555.53,transfer,False,2025-09-30
3286,352,954.65,payment,False,2025-09-30
3287,429,1338.22,payment,False,2024-10-14
3288,443,34.6,transfer,False,2025-09-30
3289,120,1950.96,payment,False,2025-09-30
3290,321,2316.86,deposit,False,2025-09-30
3291,447,2108.96,withdrawal,False,2024-11-28
3292,377,93.92,withdrawal,False,2023-07-16
3293,203,1311.74,payment,False,2024-03-19
3294,90,2035.25,payment,False,2025-04-12
3295,195,860.94,payment,False,2023-05-30
3296,177,2242.7,payment,False,2024-02-21
3297,115,2217.31,payment,False,2025-09-30
3298,333,355.12,payment,False,2025-09-30
3299,32,1234.58,withdrawal,False,2025-03-25
3300,368,65.14,transfer,False,2023-11-10
3301,434,705.37,payment,False,2025-02-26
3302,215,2029.87,withdrawal,False,2025-01-08
3303,442,2437.88,deposit,False,2023-06-26
3304,308,2283.39,payment,False,2023-02-03
3305,279,107.41,deposit,False,2022-12-07
3306,243,2316.9,payment,False,2024-05-23
3307,286,2056.8,payment,False,2022-11-17
3308,70,2169.39,transfer,False,2024-09-23
3309,71,2287.15,transfer,False,2025-09-30
3310,111,1220.96,payment,False,2025-09-30
3311,158,528.83,payment,False,2025-09-26
3312,37,53.54,transfer,False,2025-01-16
3313,304,59.85,deposit,False,2025-04-14
3314,416,1606.64,withdrawal,False,2023-06-25
3315,326,843.86,payment,False,2022-12-03
3316,35,1240.25,deposit,False,2025-09-30
3317,480,329.21,payment,False,2023-11-16
3318,460,2438.81,transfer,False,2023-09-27
3319,324,325.73,payment,False,2022-10-21
3320,416,1112.57,withdrawal,False,2023-07-15
3321,59,1108.94,payment,False,2023-12-19
3322,374,22.59,payment,False,2025-01-13
3323,419,1669.83,deposit,False,2022-05-31
3324,368,1345.99,payment,False,2023-11-08
3325,400,1244.24,deposit,False,2023-12-03
3326,375,2045.39,withdrawal,False,2024-07-11
3327,371,603.6,payment,False,2025-09-30
3328,207,2152.88,withdrawal,False,2024-11-16
3329,361,2162.08,withdrawal,False,2025-09-30
3330,436,2067.33,payment,False,2025-09-30
3331,66,854.15,payment,False,2025-03-27
3332,262,407.23,payment,False,2022-08-29
3333,270,1188.47,payment,False,2024-05-21
3334,233,650.34,payment,False,2025-08-12
3335,157,131.4,transfer,False,2025-09-17
3336,106,699.4,withdrawal,False,2025-09-29
3337,154,1173.35,payment,False,2022-10-29
3338,18,282.73,deposit,False,2023-10-08
3339,495,2360.89,deposit,False,2024-12-29
3340,260,1640.6,payment,False,2025-04-29
3341,485,341.72,payment,False,2024-10-17
3342,313,2030.35,deposit,False,2022-12-05
3343,119,2320.29,payment,False,2023-09-09
3344,309,657.7,deposit,False,2022-09-07
3345,102,358.99,payment,False,2025-01-21
3346,25,806.87,withdrawal,False,2025-09-30
3347,431,2080.79,withdrawal,True,2025-09-30
3348,180,438.56,payment,True,2023-04-08
3349,477,1948.59,payment,False,2024-12-29
3350,162,1790.94,withdrawal,False,2025-09-30
3351,400,1628.77,deposit,False,2022-09-29
3352,485,1083.86,withdrawal,False,2024-01-01
3353,350,917.56,deposit,False,2023-05-29
3354,215,214.06,payment,False,2023-09-30
3355,383,894.03,payment,False,2024-12-19
3356,124,1505.0,withdrawal,False,2024-03-07
3357,292,2245.62,payment,False,2025-09-30
3358,156,2082.98,payment,False,2025-05-13
3359,193,81.51,withdrawal,False,2025-09-30
3360,328,348.02,transfer,False,2025-09-30
3361,53,2121.37,payment,False,2025-08-19
3362,170,2348.36,payment,False,2024-11-29
3363,335,140.47,deposit,False,2024-02-12
3364,98,1753.43,payment,False,2022-11-29
3365,147,914.97,payment,False,2024-05-06
3366,300,911.36,deposit,False,2024-12-24
3367,30,1607.03,payment,False,2025-02-21
3368,74,2025.73,payment,False,2025-02-26
3369,172,687.82,payment,False,2023-01-04
3370,373,1763.68,payment,False,2025-03-12
3371,411,1590.05,withdrawal,False,2024-02-26
3372,84,1293.78,payment,False,2025-03-23
3373,473,1506.46,payment,True,2025-09-30
3374,73,46.12,payment,False,2025-08-07
3375,232,11.16,transfer,False,2024-11-22
3376,290,1376.55,transfer,False,2023-01-26
3377,127,1310.75,deposit,False,2025-07-19
3378,85,179.27,payment,False,2024-02-12
3379,254,1230.57,payment,False,2025-09-11
3380,152,1894.06,withdrawal,False,2025-02-03
3381,312,1353.46,payment,False,2024-05-20
3382,7,1294.52,deposit,False,2025-05-03
3383,452,1795.05,payment,False,2024-11-01
3384,307,430.44,payment,False,2023-01-20
3385,136,1144.24,payment,False,2024-06-30
3386,184,370.97,payment,False,2025-09-30
3387,461,1310.08,withdrawal,False,2024-01-17
3388,314,1480.26,withdrawal,False,2024-04-05
3389,341,305.06,payment,False,2025-05-15
3390,227,189.71,transfer,False,2024-05-30
3391,325,417.67,payment,False,2025-09-30
3392,244,1466.26,transfer,False,2024-10-15
3393,264,474.86,payment,False,2022-05-24
3394,450,688.83,withdrawal,False,2024-02-22
3395,251,1756.66,transfer,False,2024-11-19
3396,408,621.61,deposit,False,2023-06-18
3397,170,994.42,payment,False,2025-04-10
3398,54,2322.18,payment,False,2025-09-30
3399,400,2062.67,payment,False,2024-01-23
3400,132,639.43,payment,False,2024-12-28
3401,315,1494.34,withdrawal,False,2023-08-13
3402,94,1664.85,withdrawal,False,2025-09-30
3403,46,2250.7,payment,False,2023-09-15
3404,350,1369.12,payment,False,2024-02-17
3405,99,1403.66,withdrawal,False,2025-09-30
3406,234,2221.23,payment,False,2025-09-30
3407,269,136.9,withdrawal,False,2024-05-26
3408,37,1570.73,payment,False,2025-01-30
3409,438,1042.21,payment,False,2024-07-08
3410,433,2274.5,transfer,False,2022-11-10
3411,497,2401.39,payment,False,2025-04-05
3412,75,426.45,deposit,False,2022-03-18
3413,58,704.39,payment,False,2024-04-07
3414,19,684.37,payment,False,2023-08-18
3415,402,252.47,transfer,False,2025-05-27
3416,188,1207.88,withdrawal,False,2022-02-21
3417,401,1283.19,transfer,False,2025-09-30
3418,139,1432.87,transfer,False,2025-03-21
3419,143,1657.73,payment,False,2025-09-30
3420,456,158.23,transfer,False,2025-09-30
3421,108,1556.59,payment,False,2025-06-05
3422,221,2284.61,payment,False,2025-06-17
3423,145,1138.02,deposit,False,2025-04-30
3424,346,267.67,payment,False,2025-09-26
3425,376,215.77,transfer,False,2022-05-23
3426,5,705.1,payment,False,2022-06-30
3427,445,1881.56,payment,False,2025-01-24
3428,388,653.24,payment,False,2025-08-29
3429,56,2036.01,payment,False,2025-09-30
3430,255,2049.33,payment,False,2025-09-30
3431,472,1143.32,payment,False,2022-09-06
3432,459,752.67,withdrawal,False,2025-09-30
3433,222,1494.57,transfer,False,2024-02-26
3434,360,2026.51,payment,False,2025-09-30
3435,48,162.36,payment,False,2025-09-30
3436,304,2383.61,payment,False,2023-11-04
3437,163,1615.1,payment,False,2023-11-01
3438,236,995.97,payment,True,2023-07-26
3439,248,1265.54,payment,False,2025-09-30
3440,365,964.6,withdrawal,False,2025-01-26
3441,417,1032.11,payment,False,2025-09-30
3442,100,1489.45,payment,False,2024-02-01
3443,21,151.54,transfer,False,2024-08-18
3444,102,439.27,deposit,False,2025-01-23
3445,5,568.37,payment,False,2022-09-03
3446,448,1019.38,withdrawal,False,2025-08-31
3447,197,928.27,payment,False,2025-09-30
3448,149,1805.79,withdrawal,False,2025-09-30
3449,345,648.69,deposit,False,2025-09-30
3450,330,143.62,payment,False,2025-09-30
3451,378,139.55,withdrawal,False,2025-09-30
3452,211,29.27,deposit,False,2025-09-30
3453,160,96.03,withdrawal,False,2022-08-18
3454,146,2146.79,transfer,False,2025-02-20
3455,58,1743.41,payment,False,2023-09-11
3456,354,2489.83,deposit,False,2025-07-06
3457,240,51.76,transfer,False,2023-01-19
3458,79,2122.65,payment,True,2025-09-30
3459,152,1740.44,payment,False,2024-01-01
3460,5,1601.22,deposit,False,2024-01-07
3461,383,891.97,deposit,False,2024-02-27
3462,181,942.44,payment,False,2024-06-20
3463,352,2114.06,payment,False,2025-09-30
3464,201,1784.0,transfer,False,2024-01-31
3465,439,1676.12,payment,False,2025-09-30
3466,133,77.59,payment,False,2022-09-14
3467,453,461.61,transfer,False,2025-09-30
3468,122,2406.6,payment,False,2025-09-30
3469,169,1136.47,deposit,False,2025-09-30
3470,489,1953.7,withdrawal,False,2024-11-05
3471,354,973.92,transfer,False,2025-08-25
3472,391,1911.04,payment,False,2025-09-30
3473,346,298.91,transfer,False,2024-07-10
3474,385,106.28,payment,False,2023-04-27
3475,308,1165.98,payment,False,2023-01-12
3476,98,1479.52,payment,False,2022-11-07
3477,282,809.93,payment,False,2025-06-29
3478,377,1790.3,payment,False,2023-05-24
3479,480,1240.05,deposit,False,2023-04-08
3480,447,2320.86,withdrawal,False,2025-09-30
3481,268,213.39,deposit,False,2025-09-30
3482,326,167.35,deposit,False,2023-12-11
3483,340,2262.9,payment,False,2025-09-30
3484,19,1673.1,payment,False,2023-05-07
3485,464,1678.12,payment,False,2022-09-12
3486,132,69.86,payment,False,2025-09-30
3487,96,2344.25,payment,False,2025-09-30
3488,210,1929.79,withdrawal,False,2025-09-30
3489,5,1911.02,payment,False,2023-04-04
3490,377,2279.91,withdrawal,False,2023-08-28
3491,128,1445.8,payment,False,2025-09-30
3492,54,987.27,payment,False,2025-09-30
3493,498,1202.22,payment,False,2023-07-18
3494,198,1943.32,withdrawal,False,2025-08-17
3495,441,1922.06,payment,False,2023-03-18
3496,206,1524.36,payment,False,2023-02-24
3497,180,545.98,payment,False,2022-11-10
3498,241,2047.39,withdrawal,False,2022-11-18
3499,274,1618.46,withdrawal,False,2025-07-06
3500,320,553.93,payment,False,2023-12-07
3501,138,1202.13,payment,False,2025-09-30
3502,23,2493.02,payment,False,2024-12-10
3503,120,821.62,payment,False,2024-09-04
3504,115,292.28,transfer,False,2024-10-17
3505,82,55.15,payment,False,2025-09-30
3506,196,462.4,payment,False,2025-09-30
3507,180,468.23,payment,False,2023-12-31
3508,352,2145.31,withdrawal,False,2025-09-30
3509,175,391.23,transfer,False,2025-09-30
3510,198,2156.76,payment,False,2025-04-20
3511,26,217.7,withdrawal,False,2025-09-30
3512,454,2266.7,payment,False,2025-03-10
3513,99,641.63,deposit,False,2025-09-08
3514,233,1529.13,payment,False,2024-12-28
3515,427,400.16,payment,False,2023-03-04
3516,453,975.75,withdrawal,False,2025-09-18
3517,191,215.33,deposit,False,2025-04-08
3518,462,1449.24,transfer,False,2025-06-28
3519,66,865.35,payment,False,2025-09-30
3520,246,2130.52,payment,False,2023-11-16
3521,499,455.36,payment,False,2024-04-11
3522,104,700.69,deposit,False,2023-09-11
3523,191,443.96,payment,False,2024-03-25
3524,141,1409.99,withdrawal,False,2025-09-30
3525,179,280.26,payment,False,2025-09-30
3526,261,474.2,payment,False,2023-07-12
3527,175,1696.55,withdrawal,False,2025-09-30
3528,420,186.96,payment,False,2023-12-24
3529,164,1858.17,payment,False,2025-09-30
3530,434,261.73,withdrawal,False,2024-10-13
3531,440,1464.14,payment,False,2025-09-30
3532,19,2494.53,deposit,False,2023-12-15
3533,20,435.56,payment,False,2024-12-02
3534,406,653.45,withdrawal,False,2024-08-26
3535,287,2246.17,payment,False,2025-09-30
3536,361,1566.09,payment,False,2025-09-30
3537,239,1231.84,deposit,False,2023-07-15
3538,446,1407.2,payment,False,2025-01-24
3539,44,739.44,payment,False,2025-09-30
3540,196,2138.45,payment,False,2025-09-30
3541,195,1863.43,transfer,False,2024-12-06
3542,357,1606.52,payment,False,2025-09-30
3543,345,2329.42,payment,False,2025-06-17
3544,49,1445.7,payment,False,2023-09-04
3545,485,1280.18,deposit,False,2025-02-06
3546,59,2439.26,payment,False,2024-07-27
3547,132,515.83,payment,False,2025-08-03
3548,373,355.78,payment,False,2025-05-08
3549,167,406.54,deposit,False,2025-06-16
3550,135,2473.62,payment,False,2024-12-11
3551,455,1630.98,payment,False,2025-05-02
3552,433,765.5,payment,False,2023-03-13
3553,89,623.2,payment,False,2025-09-30
3554,271,142.54,transfer,False,2025-04-05
3555,263,330.74,deposit,False,2025-05-01
3556,431,2270.52,payment,False,2024-04-22
3557,116,1868.61,payment,False,2024-05-14
3558,196,2353.96,deposit,False,2025-04-08
3559,354,1059.9,payment,False,2025-08-02
3560,374,1503.49,payment,False,2024-04-14
3561,429,1209.69,payment,False,2025-09-30
3562,108,2203.58,payment,False,2025-09-30
3563,362,2478.46,payment,False,2025-02-07
3564,403,2332.01,payment,False,2025-09-30
3565,47,1495.54,transfer,False,2025-04-13
3566,241,155.44,deposit,False,2023-10-06
3567,309,1544.2,payment,False,2023-12-09
3568,230,243.52,withdrawal,False,2022-04-23
3569,411,347.91,deposit,False,2023-03-15
3570,389,479.17,payment,False,2023-07-27
3571,245,909.37,payment,False,2025-09-30
3572,316,1479.87,payment,False,2025-09-30
3573,250,834.55,payment,False,2023-11-18
3574,77,1131.22,payment,False,2024-11-13
3575,62,119.18,payment,False,2023-04-14
3576,59,1549.77,payment,False,2023-08-15
3577,238,1642.92,payment,False,2025-02-28
3578,189,249.38,payment,False,2024-12-16
3579,56,1963.01,deposit,False,2025-09-30
3580,78,1619.0,payment,False,2024-11-17
3581,222,1224.83,payment,False,2023-02-14
3582,47,1382.6,withdrawal,False,2025-03-02
3583,432,1258.11,withdrawal,False,2025-07-29
3584,138,135.43,transfer,False,2025-08-12
3585,416,1838.14,payment,False,2023-05-13
3586,449,1280.01,withdrawal,True,2024-10-01
3587,24,432.89,withdrawal,False,2024-12-14
3588,29,1702.15,payment,False,2025-09-30
3589,491,1737.97,deposit,False,2023-06-08
3590,135,534.53,payment,False,2024-03-08
3591,351,1991.44,payment,False,2024-07-22
3592,401,1141.81,payment,False,2025-09-30
3593,350,452.34,deposit,False,2023-07-15
3594,281,1644.39,transfer,False,2024-05-30
3595,476,1492.22,payment,False,2024-08-19
3596,292,426.85,withdrawal,False,2025-09-30
3597,189,2181.0,transfer,False,2025-07-22
3598,71,2136.48,withdrawal,False,2025-09-30
3599,419,2090.78,deposit,False,2022-06-22
3600,376,998.67,payment,False,2022-11-13
3601,468,2061.73,payment,False,2024-11-18
3602,206,2112.14,payment,False,2023-05-04
3603,242,2491.35,transfer,False,2025-02-14
3604,306,2394.05,deposit,False,2025-09-16
3605,184,957.74,deposit,False,2025-09-30
3606,478,496.31,payment,False,2025-04-12
3607,128,731.86,withdrawal,False,2025-08-06
3608,449,1237.46,withdrawal,False,2024-10-23
3609,230,2013.84,payment,False,2022-07-08
3610,41,1807.74,deposit,False,2024-10-30
3611,281,1969.49,payment,False,2024-01-17
3612,162,950.44,payment,False,2025-09-30
3613,392,618.01,payment,False,2023-07-30
3614,312,61.3,payment,False,2024-09-01
3615,340,1565.83,payment,False,2025-09-30
3616,158,1987.8,payment,False,2025-06-22
3617,324,2222.96,payment,False,2023-08-08
3618,21,1191.12,deposit,False,2024-09-23
3619,347,2319.19,payment,False,2023-07-25
3620,10,506.83,payment,False,2022-08-21
3621,87,1286.43,payment,False,2025-07-14
3622,33,535.21,payment,False,2023-02-03
3623,459,471.0,payment,False,2025-09-30
3624,361,2383.52,payment,False,2025-09-30
3625,339,2044.53,withdrawal,False,2025-07-17
3626,203,30.49,payment,False,2023-09-23
3627,4,672.01,payment,False,2025-01-28
3628,23,513.63,payment,False,2025-04-27
3629,197,368.69,payment,False,2025-09-30
3630,309,1743.83,deposit,False,2023-02-24
3631,369,1417.53,payment,False,2023-11-26
3632,498,1135.38,deposit,False,2022-03-29
3633,389,474.55,payment,False,2024-05-25
3634,274,694.77,deposit,False,2024-10-12
3635,273,890.9,transfer,False,2025-06-12
3636,442,1963.92,payment,False,2023-09-29
3637,451,2472.98,payment,False,2024-01-16
3638,107,460.76,payment,False,2023-10-12
3639,369,854.47,payment,False,2023-11-02
3640,378,701.22,payment,False,2025-09-30
3641,200,111.12,deposit,False,2023-03-20
3642,440,548.83,transfer,False,2025-09-01
3643,424,2254.13,payment,False,2025-09-30
3644,343,2107.3,withdrawal,False,2023-12-15
3645,215,419.83,withdrawal,False,2025-03-05
3646,2,916.04,payment,False,2024-08-14
3647,121,777.7,withdrawal,False,2025-03-12
3648,103,370.2,payment,False,2023-10-28
3649,149,1555.9,deposit,False,2025-09-30
3650,436,1393.69,payment,False,2025-08-24
3651,152,1068.05,payment,False,2024-05-23
3652,53,2138.89,withdrawal,False,2025-09-30
3653,166,1549.66,payment,False,2025-09-06
3654,404,648.92,deposit,False,2025-09-30
3655,306,934.89,payment,False,2025-06-01
3656,167,376.24,payment,False,2025-09-30
3657,316,1478.84,payment,False,2025-09-30
3658,370,1466.99,payment,False,2024-07-23
3659,475,2175.59,payment,False,2023-12-26
3660,364,2139.69,transfer,False,2023-10-24
3661,295,2092.52,payment,False,2025-09-30
3662,71,1372.83,payment,False,2025-09-30
3663,128,1630.4,withdrawal,False,2025-03-16
3664,33,1939.08,payment,False,2022-08-16
3665,157,230.12,payment,False,2024-09-29
3666,330,752.19,payment,False,2025-09-30
3667,266,423.56,payment,False,2023-08-26
3668,204,1279.16,payment,False,2023-09-11
3669,195,2094.33,withdrawal,False,2023-07-30
3670,387,577.55,payment,False,2024-08-27
3671,461,1827.53,transfer,False,2022-05-29
3672,109,1015.15,payment,False,2025-07-28
3673,159,2257.78,deposit,True,2022-03-26
3674,283,1567.35,withdrawal,False,2025-08-10
3675,454,2441.41,payment,False,2023-12-31
3676,27,614.93,payment,False,2024-06-27
3677,227,2309.97,deposit,False,2023-04-05
3678,252,893.28,withdrawal,False,2023-03-25
3679,367,1555.3,payment,False,2023-03-03
3680,265,437.1,payment,False,2023-01-13
3681,262,1899.7,transfer,False,2023-05-30
3682,134,2445.65,payment,False,2023-10-19
3683,488,1968.78,payment,False,2025-09-30
3684,26,1539.88,transfer,False,2025-08-26
3685,43,1121.09,payment,False,2024-12-31
3686,19,863.75,payment,False,2022-10-10
3687,16,1048.11,withdrawal,False,2023-05-18
3688,105,821.39,deposit,False,2024-05-07
3689,279,2081.94,payment,False,2023-03-28
3690,203,2232.88,deposit,False,2023-12-26
3691,208,2374.19,transfer,False,2025-09-30
3692,413,1046.49,payment,False,2025-09-30
3693,166,1366.0,payment,False,2025-09-30
3694,59,1442.66,deposit,False,2024-04-07
3695,497,1628.07,payment,False,2025-09-30
3696,48,7.14,payment,False,2025-09-30
3697,148,2106.88,withdrawal,False,2025-06-14
3698,277,671.08,deposit,False,2023-09-27
3699,412,1180.94,withdrawal,False,2025-09-30
3700,178,2104.08,withdrawal,False,2025-05-19
3701,289,2492.14,payment,False,2025-09-30
3702,114,1987.41,withdrawal,False,2025-09-30
3703,296,63.06,payment,False,2025-07-07
3704,218,922.52,payment,False,2022-08-14
3705,438,618.78,payment,False,2025-09-14
3706,266,2410.37,payment,False,2024-10-23
3707,162,661.31,payment,False,2025-09-30
3708,329,2358.43,payment,False,2025-01-30
3709,36,2343.86,deposit,False,2023-08-23
3710,75,2098.69,payment,False,2023-11-04
3711,458,246.08,payment,False,2025-09-30
3712,494,5.99,payment,False,2024-05-25
3713,135,1984.91,transfer,False,2023-06-24
3714,371,2108.4,deposit,False,2025-09-30
3715,486,2405.49,payment,False,2025-09-30
3716,272,546.74,transfer,False,2024-02-07
3717,179,1833.13,payment,False,2025-09-30
3718,474,1298.14,withdrawal,False,2025-08-04
3719,480,821.88,payment,False,2024-04-11
3720,445,1516.12,payment,False,2024-12-18
3721,159,1370.95,payment,False,2022-02-02
3722,243,731.44,deposit,False,2025-01-04
3723,416,671.89,payment,False,2024-03-29
3724,301,1216.96,payment,False,2025-03-18
3725,204,1185.62,withdrawal,False,2023-11-05
3726,283,755.83,payment,False,2025-09-30
3727,278,660.06,deposit,False,2025-09-30
3728,143,2385.81,payment,False,2025-09-30
3729,8,2156.06,payment,False,2023-07-24
3730,452,2042.13,deposit,False,2024-11-18
3731,116,536.5,transfer,False,2024-07-19
3732,392,474.04,deposit,False,2022-07-15
3733,343,2023.51,payment,False,2024-01-19
3734,373,462.5,transfer,False,2025-04-22
3735,272,1259.34,payment,False,2023-07-08
3736,176,554.33,payment,False,2024-01-27
3737,418,945.8,deposit,False,2025-01-27
3738,214,2133.78,payment,False,2025-03-29
3739,369,2228.65,payment,False,2022-07-19
3740,215,2491.7,transfer,False,2025-03-19
3741,57,2359.82,payment,False,2025-09-30
3742,389,1678.46,payment,False,2023-04-06
3743,229,1079.88,payment,False,2022-11-14
3744,300,145.17,deposit,False,2024-03-23
3745,327,1520.81,payment,False,2025-09-30
3746,37,527.49,payment,False,2024-07-26
3747,474,2125.49,payment,False,2025-09-30
3748,380,1372.7,payment,False,2023-09-10
3749,284,1834.02,withdrawal,False,2025-07-20
3750,324,1684.06,payment,False,2023-03-08
3751,369,868.98,payment,False,2024-03-03
3752,224,1897.96,withdrawal,False,2025-09-17
3753,422,2108.59,payment,False,2023-10-09
3754,302,1860.58,deposit,False,2025-05-04
3755,201,1942.24,payment,False,2023-08-30
3756,100,900.68,withdrawal,False,2023-09-25
3757,282,2359.28,payment,True,2025-09-20
3758,75,1062.01,withdrawal,False,2023-06-22
3759,212,2242.73,deposit,False,2024-03-06
3760,437,2144.67,withdrawal,False,2023-10-05
3761,191,311.7,withdrawal,False,2023-07-20
3762,368,2415.71,deposit,False,2024-06-20
3763,63,2490.86,payment,False,2023-01-13
3764,112,1515.76,payment,False,2023-10-16
3765,496,1957.99,deposit,False,2025-09-30
3766,422,2334.28,withdrawal,False,2023-01-02
3767,143,51.04,payment,False,2025-08-13
3768,99,2325.05,payment,False,2025-09-30
3769,265,1568.79,payment,False,2023-10-07
3770,225,2071.31,payment,False,2025-07-09
3771,75,1352.26,deposit,False,2023-01-30
3772,278,1326.83,deposit,False,2025-09-30
3773,198,2243.9,payment,False,2025-09-30
3774,184,1269.17,payment,False,2025-09-30
3775,293,1180.0,payment,False,2024-06-21
3776,57,1520.86,payment,False,2025-09-30
3777,249,1296.91,payment,False,2023-04-24
3778,444,1116.27,deposit,False,2024-05-01
3779,114,452.13,payment,False,2025-09-30
3780,469,994.1,payment,False,2023-05-23
3781,140,705.83,payment,False,2025-09-30
3782,391,1001.76,deposit,False,2025-09-30
3783,450,1483.3,deposit,False,2023-05-23
3784,359,1522.52,payment,False,2023-11-01
3785,41,597.42,payment,False,2024-05-15
3786,408,212.11,transfer,False,2023-03-07
3787,474,1861.35,payment,False,2025-09-30
3788,153,1321.9,deposit,False,2025-08-17
3789,446,1105.81,payment,False,2024-06-23
3790,468,324.86,deposit,False,2023-11-10
3791,232,1037.24,payment,False,2024-09-18
3792,105,2045.62,transfer,False,2023-05-14
3793,106,1454.01,deposit,False,2025-09-30
3794,300,228.35,payment,True,2023-10-21
3795,130,831.36,payment,False,2025-09-30
3796,426,2449.53,payment,False,2023-08-18
3797,483,1361.72,transfer,False,2025-09-30
3798,161,716.7,payment,True,2025-09-30
3799,401,2283.7,payment,False,2025-09-30
3800,378,840.67,payment,False,2025-09-30
3801,447,1825.04,withdrawal,False,2025-03-13
3802,406,368.9,payment,False,2023-06-10
3803,257,392.08,payment,False,2022-05-19
3804,229,1403.72,deposit,False,2022-07-14
3805,350,600.32,withdrawal,False,2022-09-11
3806,494,124.28,payment,False,2023-10-31
3807,454,2316.24,payment,False,2024-03-18
3808,489,140.92,payment,False,2025-09-21
3809,182,1793.88,payment,False,2025-09-30
3810,14,833.13,payment,False,2025-09-30
3811,100,2333.83,payment,False,2023-08-28
3812,225,2465.14,payment,False,2025-09-30
3813,358,839.24,payment,False,2025-09-30
3814,231,1478.18,withdrawal,False,2025-07-19
3815,53,1932.69,payment,False,2025-06-25
3816,6,309.4,deposit,False,2025-09-30
3817,90,1773.95,payment,False,2024-10-24
3818,64,2265.59,payment,False,2023-05-14
3819,88,447.08,payment,False,2024-08-13
3820,33,2096.94,withdrawal,False,2023-04-15
3821,72,289.89,payment,False,2023-08-08
3822,44,1421.19,payment,False,2025-09-30
3823,253,849.07,payment,False,2023-11-04
3824,107,1179.82,payment,False,2023-03-27
3825,290,752.28,deposit,False,2023-05-04
3826,418,652.09,payment,False,2025-09-30
3827,408,1858.1,deposit,False,2024-07-14
3828,2,558.56,withdrawal,False,2025-04-19
3829,136,1021.62,payment,False,2023-11-22
3830,117,687.12,transfer,False,2023-08-02
3831,409,597.35,payment,False,2025-09-30
3832,121,1568.11,payment,False,2024-12-20
3833,478,114.53,payment,False,2025-09-30
3834,288,1972.46,withdrawal,False,2025-09-28
3835,312,1366.04,transfer,False,2024-10-22
3836,94,2071.27,payment,True,2025-09-30
3837,7,533.33,deposit,False,2024-11-18
3838,432,1773.81,transfer,False,2025-09-30
3839,88,1052.04,payment,False,2025-09-30
3840,182,192.93,payment,False,2025-09-30
3841,191,1881.44,payment,False,2024-01-02
3842,457,1905.71,withdrawal,False,2025-09-30
3843,208,678.02,payment,False,2025-09-30
3844,386,2290.2,withdrawal,False,2023-12-14
3845,291,1910.16,deposit,False,2022-11-17
3846,354,767.59,deposit,False,2025-09-30
3847,278,598.53,withdrawal,False,2025-09-30
3848,467,1100.78,deposit,False,2024-04-21
3849,448,732.68,withdrawal,False,2025-09-30
3850,315,543.34,payment,False,2024-10-27
3851,433,998.35,payment,False,2023-10-30
3852,52,65.23,payment,False,2023-06-09
3853,405,1004.13,payment,False,2025-09-30
3854,396,554.93,payment,False,2025-09-19
3855,267,661.57,payment,False,2024-02-13
3856,244,207.3,deposit,False,2023-11-22
3857,182,1472.74,payment,False,2025-08-21
3858,211,1180.55,deposit,False,2025-09-30
3859,378,1876.82,withdrawal,False,2025-09-30
3860,198,2467.76,transfer,False,2025-09-30
3861,490,299.72,payment,False,2022-12-25
3862,270,681.79,payment,False,2024-07-17
3863,33,1706.45,deposit,False,2022-10-10
3864,495,594.04,payment,False,2024-09-04
3865,102,76.34,withdrawal,False,2025-05-02
3866,333,275.41,transfer,False,2025-01-26
3867,282,1084.63,payment,False,2025-09-30
3868,398,1077.53,payment,False,2025-07-26
3869,237,2430.79,payment,False,2023-07-25
3870,216,1165.41,deposit,False,2025-04-14
3871,432,1695.49,payment,False,2024-12-29
3872,321,1231.01,payment,False,2025-02-19
3873,302,675.53,payment,False,2025-09-30
3874,127,264.52,deposit,False,2025-09-30
3875,493,2147.83,withdrawal,False,2022-05-25
3876,439,382.5,payment,False,2025-09-30
3877,94,243.14,payment,False,2025-09-30
3878,74,535.36,payment,False,2025-02-05
3879,128,7.22,withdrawal,False,2024-11-02
3880,74,180.84,payment,False,2025-08-13
3881,476,1588.36,payment,False,2023-03-27
3882,452,609.63,withdrawal,False,2025-01-05
3883,462,846.94,transfer,False,2024-11-04
3884,396,2088.41,payment,False,2024-11-21
3885,438,1932.48,payment,False,2024-08-31
3886,256,1231.13,payment,False,2025-09-12
3887,448,1532.83,payment,False,2025-04-24
3888,102,215.44,withdrawal,False,2025-01-10
3889,47,1904.23,payment,False,2025-03-25
3890,165,1290.96,deposit,False,2024-03-03
3891,458,1427.8,payment,False,2025-09-30
3892,256,1664.15,payment,False,2025-09-30
3893,425,1250.94,deposit,False,2025-09-30
3894,283,1304.71,payment,False,2025-09-30
3895,426,1249.59,payment,False,2024-07-12
3896,248,1242.55,transfer,False,2025-09-30
3897,204,1875.76,deposit,False,2023-10-09
3898,86,1068.59,deposit,False,2025-09-30
3899,324,8.23,payment,False,2023-03-24
3900,413,1530.55,payment,False,2025-02-28
3901,164,2381.7,transfer,False,2025-09-30
3902,365,643.14,payment,False,2023-12-04
3903,57,2040.67,deposit,False,2025-09-30
3904,206,1139.27,transfer,False,2023-04-30
3905,396,1607.81,deposit,False,2025-07-15
3906,429,2227.29,payment,False,2024-09-26
3907,148,1927.76,deposit,False,2025-09-14
3908,301,2211.55,withdrawal,False,2024-02-15
3909,279,24.79,withdrawal,False,2024-05-05
3910,446,469.1,deposit,False,2025-06-06
3911,470,1059.31,payment,False,2025-06-29
3912,290,2119.76,payment,False,2023-07-24
3913,21,2096.14,payment,False,2024-10-29
3914,435,463.67,payment,False,2025-09-30
3915,137,356.46,withdrawal,False,2024-02-17
3916,458,2086.92,payment,False,2025-09-30
3917,369,1354.04,payment,False,2023-03-09
3918,10,1567.3,payment,False,2023-02-10
3919,308,2023.21,payment,False,2023-03-29
3920,45,530.15,withdrawal,False,2025-09-30
3921,436,342.08,withdrawal,False,2025-09-30
3922,249,2147.75,payment,False,2024-07-30
3923,30,280.32,deposit,False,2025-09-30
3924,448,221.36,payment,False,2025-09-30
3925,225,693.41,deposit,False,2025-09-30
3926,386,792.81,payment,False,2025-05-14
3927,177,603.6,payment,False,2024-06-18
3928,96,1854.32,payment,False,2025-09-30
3929,429,2433.41,payment,False,2024-08-26
3930,17,499.78,transfer,False,2025-08-02
3931,28,1954.85,transfer,False,2024-11-14
3932,126,111.56,deposit,False,2024-04-24
3933,301,298.14,payment,False,2025-09-25
3934,273,1288.28,payment,False,2024-01-17
3935,499,2499.02,deposit,False,2025-09-30
3936,187,2373.46,payment,False,2024-11-28
3937,142,280.75,transfer,False,2024-06-09
3938,372,599.98,payment,False,2025-09-30
3939,138,2364.53,payment,False,2025-09-30
3940,482,377.66,transfer,False,2022-09-11
3941,462,1857.23,transfer,False,2024-05-17
3942,337,3.77,deposit,False,2025-09-30
3943,229,1579.65,payment,False,2023-09-14
3944,214,1237.01,deposit,False,2025-06-06
3945,274,1178.09,payment,False,2025-09-06
3946,291,2073.15,payment,False,2023-04-20
3947,432,202.76,payment,False,2025-09-30
3948,58,943.95,deposit,False,2023-12-28
3949,371,1115.65,payment,False,2025-09-30
3950,18,310.69,payment,False,2023-04-09
3951,180,215.08,withdrawal,False,2023-01-16
3952,158,449.86,payment,False,2025-09-30
3953,256,603.38,payment,False,2025-09-30
3954,37,2415.19,payment,False,2025-02-20
3955,296,1189.56,deposit,False,2025-09-13
3956,262,1276.21,payment,False,2023-05-03
3957,79,1767.79,deposit,False,2025-09-30
3958,419,1710.98,payment,False,2022-08-03
3959,154,1257.44,payment,False,2023-07-31
3960,361,850.26,payment,False,2025-09-30
3961,347,828.3,payment,False,2023-11-14
3962,158,145.22,payment,False,2025-05-21
3963,75,2249.18,payment,False,2023-09-04
3964,372,1923.72,withdrawal,False,2025-09-30
3965,408,1558.73,deposit,False,2023-01-02
3966,378,990.81,deposit,False,2025-09-30
3967,55,1456.58,transfer,False,2024-07-13
3968,206,1213.24,withdrawal,False,2022-07-09
3969,215,685.56,payment,False,2024-06-05
3970,9,747.13,payment,False,2024-12-24
3971,106,2186.32,payment,False,2025-09-30
3972,318,1587.64,deposit,False,2024-04-02
3973,367,4.55,payment,False,2023-04-17
3974,402,817.85,payment,False,2025-09-30
3975,245,850.52,payment,False,2025-09-30
3976,307,1766.13,transfer,False,2022-07-25
3977,103,1751.43,deposit,False,2024-03-30
3978,275,1160.92,payment,False,2025-02-09
3979,325,2377.5,payment,False,2025-09-30
3980,373,2180.7,payment,False,2025-02-14
3981,338,2165.66,payment,False,2025-03-08
3982,379,871.32,payment,False,2025-09-30
3983,33,1078.07,payment,False,2022-11-19
3984,108,1047.99,withdrawal,False,2025-09-30
3985,422,1101.23,payment,False,2023-09-14
3986,269,2223.14,transfer,False,2024-02-27
3987,433,623.55,payment,False,2023-08-10
3988,73,2005.69,transfer,False,2025-01-11
3989,346,1285.59,withdrawal,False,2024-12-06
3990,181,623.46,deposit,False,2024-12-14
3991,385,1318.71,withdrawal,False,2024-05-10
3992,268,489.41,payment,False,2024-12-09
3993,152,271.34,payment,False,2025-08-15
3994,385,2095.61,payment,False,2023-06-15
3995,68,1748.61,payment,False,2025-05-17
3996,391,513.24,payment,False,2025-09-30
3997,372,2355.79,payment,False,2025-08-06
3998,348,61.97,payment,False,2024-12-26
3999,485,833.87,payment,True,2023-11-10
4000,500,55.11,deposit,False,2025-09-30
4001,197,356.6,deposit,False,2025-09-30
4002,295,451.02,withdrawal,False,2025-09-30
4003,32,2026.03,payment,False,2025-05-17
4004,433,2482.61,payment,False,2023-01-21
4005,415,2168.43,payment,False,2024-08-04
4006,108,1588.2,payment,False,2024-10-30
4007,79,1807.59,transfer,False,2025-09-30
4008,259,1307.53,payment,False,2023-05-20
4009,497,1056.94,payment,False,2025-09-30
4010,366,1730.73,withdrawal,False,2025-09-30
4011,175,2432.82,payment,False,2025-09-30
4012,367,73.21,transfer,False,2024-11-04
4013,15,785.9,payment,False,2023-04-03
4014,51,825.82,transfer,False,2025-09-30
4015,107,1036.21,payment,False,2023-09-06
4016,210,1567.6,payment,False,2025-09-30
4017,469,1284.87,payment,False,2024-01-30
4018,202,47.8,payment,False,2024-03-13
4019,277,1029.61,payment,False,2023-10-06
4020,218,1549.0,transfer,False,2023-01-26
4021,41,1262.56,deposit,False,2025-01-12
4022,376,2180.28,withdrawal,False,2023-05-15
4023,259,997.09,payment,False,2023-10-22
4024,385,32.38,payment,False,2022-09-04
4025,405,712.96,payment,True,2025-09-30
4026,203,340.05,payment,False,2023-06-08
4027,336,626.33,payment,False,2024-02-08
4028,99,905.86,payment,False,2025-09-30
4029,149,1691.96,payment,False,2025-09-30
4030,105,811.1,payment,False,2022-09-10
4031,203,2210.39,transfer,False,2024-04-27
4032,95,749.62,payment,False,2025-09-30
4033,177,343.2,payment,False,2024-07-20
4034,65,422.99,withdrawal,False,2025-09-30
4035,41,2336.52,deposit,False,2024-10-27
4036,224,1137.58,transfer,False,2025-09-30
4037,67,1008.41,payment,False,2023-08-04
4038,380,173.18,payment,False,2023-01-23
4039,255,1833.57,transfer,False,2025-07-23
4040,480,1736.94,transfer,False,2024-08-11
4041,298,939.98,transfer,False,2024-09-15
4042,69,1729.72,deposit,False,2025-06-01
4043,441,919.26,payment,False,2023-03-16
4044,171,183.82,deposit,False,2023-11-22
4045,101,1845.51,transfer,False,2025-02-03
4046,140,2413.04,payment,False,2025-09-30
4047,206,1621.08,deposit,False,2023-09-12
4048,320,691.88,withdrawal,False,2023-04-18
4049,364,675.53,payment,False,2023-10-12
4050,307,2322.52,payment,False,2022-04-08
4051,73,758.92,deposit,False,2024-06-18
4052,60,1920.71,payment,False,2025-06-16
4053,455,1607.64,payment,False,2025-09-30
4054,336,1481.91,payment,False,2022-03-20
4055,156,453.51,payment,False,2025-02-13
4056,124,86.99,withdrawal,False,2024-04-11
4057,455,1222.2,payment,False,2025-09-30
4058,14,2470.41,payment,False,2025-09-30
4059,416,490.2,deposit,False,2023-02-15
4060,264,1342.64,transfer,False,2022-09-15
4061,27,1677.78,payment,False,2025-01-07
4062,245,1209.71,withdrawal,False,2025-09-30
4063,50,1267.83,payment,False,2025-03-23
4064,187,1653.41,payment,False,2025-03-04
4065,57,2037.45,payment,False,2025-09-30
4066,259,833.89,payment,False,2023-08-16
4067,155,2248.29,payment,True,2025-05-06
4068,478,1212.77,payment,False,2025-09-13
4069,34,1655.03,payment,False,2025-09-30
4070,26,267.18,withdrawal,False,2025-09-30
4071,250,1231.71,payment,False,2023-03-08
4072,485,41.25,payment,False,2024-02-27
4073,424,978.17,payment,False,2025-09-30
4074,371,137.16,payment,False,2025-09-30
4075,86,2242.56,payment,False,2025-09-30
4076,160,1682.34,payment,False,2023-09-26
4077,425,1979.9,deposit,False,2025-09-30
4078,386,1169.73,withdrawal,False,2024-03-31
4079,367,2129.89,withdrawal,False,2024-04-04
4080,200,2182.73,payment,False,2023-02-10
4081,106,892.69,transfer,False,2025-09-30
4082,391,942.76,payment,False,2025-09-30
4083,275,1271.09,payment,False,2025-09-30
4084,289,106.57,transfer,False,2025-02-10
4085,258,2489.42,payment,False,2025-09-30
4086,451,898.59,transfer,False,2022-11-22
4087,220,1177.64,payment,False,2025-08-02
4088,462,1887.14,payment,True,2025-08-10
4089,15,744.49,deposit,False,2022-04-21
4090,21,504.88,payment,False,2023-11-27
4091,334,319.5,payment,False,2023-08-19
4092,59,1320.52,payment,False,2024-08-17
4093,360,14.74,withdrawal,True,2025-09-30
4094,82,1774.09,payment,False,2025-09-30
4095,118,1154.01,withdrawal,True,2024-08-02
4096,113,1330.03,deposit,False,2025-09-30
4097,295,658.75,payment,False,2025-09-30
4098,276,446.45,withdrawal,False,2025-01-20
4099,257,1750.27,transfer,False,2023-01-25
4100,329,526.47,transfer,False,2024-11-01
4101,265,1950.43,payment,False,2022-11-06
4102,235,509.98,deposit,False,2023-05-31
4103,51,1532.1,deposit,False,2025-09-30
4104,166,1610.04,deposit,False,2025-05-30
4105,231,1264.61,payment,False,2025-09-30
4106,221,2491.98,payment,False,2025-07-08
4107,271,940.23,payment,False,2025-09-30
4108,84,2208.42,payment,True,2025-05-28
4109,230,423.9,payment,False,2022-11-15
4110,297,843.69,deposit,False,2025-09-30
4111,222,364.27,payment,False,2023-05-18
4112,431,1509.46,deposit,False,2024-06-25
4113,154,1596.0,payment,False,2023-09-24
4114,54,1134.31,payment,False,2025-09-30
4115,119,1800.68,payment,False,2023-05-31
4116,198,2169.26,withdrawal,False,2025-09-30
4117,423,1941.62,payment,False,2023-06-09
4118,273,604.91,payment,False,2024-06-16
4119,198,801.68,payment,False,2025-06-27
4120,128,951.31,payment,False,2025-09-30
4121,92,510.21,payment,False,2023-09-14
4122,9,903.73,payment,False,2023-08-16
4123,475,595.88,payment,False,2024-09-09
4124,227,2489.32,payment,False,2023-08-13
4125,46,1958.34,deposit,False,2022-10-13
4126,134,2150.18,payment,False,2023-02-16
4127,452,2305.45,payment,False,2024-08-12
4128,16,1662.84,payment,False,2023-04-20
4129,215,440.77,payment,False,2024-10-01
4130,112,1896.56,payment,False,2024-02-09
4131,343,40.01,withdrawal,False,2024-03-05
4132,157,283.96,transfer,False,2025-09-30
4133,425,74.93,payment,False,2025-09-30
4134,452,339.48,withdrawal,False,2025-04-21
4135,318,1880.26,withdrawal,False,2024-05-25
4136,360,2213.82,payment,False,2025-09-30
4137,376,697.82,payment,False,2023-10-03
4138,424,298.7,payment,False,2025-09-30
4139,446,683.13,payment,False,2025-04-23
4140,408,1618.14,payment,False,2023-04-06
4141,390,876.16,payment,False,2022-11-20
4142,296,2402.9,withdrawal,False,2025-09-23
4143,198,328.32,deposit,False,2025-07-04
4144,58,2475.87,payment,True,2022-12-25
4145,398,32.12,payment,False,2024-09-24
4146,78,1129.78,withdrawal,False,2023-09-11
4147,242,630.28,transfer,False,2025-04-07
4148,429,1416.15,withdrawal,False,2025-08-10
4149,367,242.28,payment,False,2023-07-18
4150,99,2189.68,payment,False,2025-07-25
4151,6,342.18,transfer,False,2025-09-30
4152,279,1468.89,withdrawal,False,2022-12-19
4153,318,84.33,payment,False,2022-12-23
4154,212,778.17,withdrawal,False,2023-02-23
4155,273,375.16,payment,False,2025-06-08
4156,84,2444.64,payment,False,2025-02-16
4157,112,31.04,payment,False,2024-03-18
4158,198,881.64,withdrawal,False,2025-05-23
4159,360,757.64,payment,False,2025-09-30
4160,381,1643.78,payment,False,2025-09-30
4161,28,141.89,withdrawal,False,2025-08-17
4162,141,2026.73,withdrawal,False,2025-09-30
4163,413,1166.84,payment,False,2025-09-30
4164,173,1132.48,payment,False,2024-03-11
4165,20,567.75,payment,False,2023-10-25
4166,442,1225.63,payment,False,2024-09-08
4167,465,910.37,payment,False,2024-05-27
4168,117,613.6,payment,False,2024-03-05
4169,54,422.5,payment,False,2025-09-30
4170,227,1821.11,transfer,False,2023-12-23
4171,109,355.97,transfer,False,2025-09-09
4172,231,420.79,payment,False,2025-09-30
4173,320,1443.1,payment,False,2023-03-09
4174,308,565.97,payment,False,2023-08-10
4175,229,1148.98,payment,False,2024-04-05
4176,299,1382.74,withdrawal,False,2024-02-07
4177,87,686.8,deposit,False,2025-09-30
4178,274,859.54,deposit,False,2025-06-27
4179,228,526.31,transfer,False,2024-01-18
4180,340,1151.6,transfer,False,2025-09-30
4181,310,2481.01,payment,False,2022-10-01
4182,316,907.42,transfer,False,2025-09-30
4183,379,1633.67,payment,False,2025-09-30
4184,71,1590.1,deposit,False,2025-09-30
4185,228,1966.42,payment,False,2023-04-16
4186,490,1780.08,payment,False,2023-07-25
4187,385,30.44,payment,False,2022-12-20
4188,113,773.73,payment,False,2025-09-30
4189,293,2175.71,withdrawal,False,2023-07-10
4190,305,1349.34,transfer,False,2023-07-16
4191,291,261.46,payment,False,2022-05-11
4192,105,691.07,payment,False,2023-06-28
4193,451,709.18,payment,False,2023-08-02
4194,291,2183.07,payment,False,2022-02-26
4195,477,1383.95,payment,False,2024-10-19
4196,9,1521.2,payment,False,2024-06-17
4197,165,918.29,payment,False,2024-03-02
4198,60,151.72,transfer,False,2025-06-17
4199,312,189.05,deposit,False,2025-01-31
4200,106,1051.54,payment,False,2025-09-30
4201,111,444.56,transfer,False,2025-09-30
4202,89,261.55,payment,False,2025-04-14
4203,268,656.35,withdrawal,False,2025-04-09
4204,230,1855.37,withdrawal,False,2023-06-10
4205,327,183.47,payment,False,2025-09-30
4206,71,1121.12,payment,False,2025-09-30
4207,119,2065.39,transfer,False,2024-04-04
4208,388,670.54,payment,False,2025-09-30
4209,445,755.38,payment,False,2025-05-18
4210,429,2210.63,transfer,False,2025-02-12
4211,495,1625.36,payment,False,2025-09-30
4212,351,1994.48,payment,False,2022-12-12
4213,434,723.72,transfer,False,2025-03-05
4214,306,2491.95,transfer,False,2024-12-31
4215,103,353.1,transfer,False,2023-12-02
4216,202,2404.88,payment,False,2023-06-08
4217,432,2255.35,payment,False,2025-06-12
4218,23,1380.18,deposit,False,2023-12-01
4219,90,1463.66,withdrawal,False,2025-09-30
4220,471,1937.84,payment,False,2024-11-25
4221,93,767.65,deposit,False,2025-04-22
4222,264,1319.15,transfer,False,2023-02-15
4223,467,2256.04,withdrawal,False,2023-09-22
4224,285,171.55,payment,False,2024-09-23
4225,171,2263.92,payment,False,2022-03-30
4226,309,1822.22,payment,False,2022-08-10
4227,390,1924.84,payment,False,2022-07-24
4228,221,162.73,payment,False,2025-09-30
4229,24,470.2,withdrawal,False,2024-12-16
4230,376,2313.23,withdrawal,False,2022-06-14
4231,202,311.0,withdrawal,False,2022-12-08
4232,499,1578.33,payment,False,2025-05-09
4233,124,1956.95,payment,False,2024-01-06
4234,142,578.97,payment,False,2023-07-11
4235,52,1747.28,withdrawal,False,2023-05-22
4236,70,164.88,payment,False,2025-09-30
4237,260,1247.42,payment,False,2025-09-30
4238,186,836.75,payment,False,2023-08-27
4239,372,1614.71,payment,False,2025-09-30
4240,207,2222.62,deposit,False,2024-05-17
4241,293,314.6,payment,False,2024-01-22
4242,304,1126.32,withdrawal,False,2023-12-29
4243,378,1058.56,payment,False,2025-09-30
4244,39,810.16,payment,False,2025-09-30
4245,348,1200.94,payment,False,2025-08-20
4246,66,2201.94,deposit,False,2025-09-30
4247,13,2434.18,payment,False,2025-09-30
4248,194,8.1,transfer,False,2023-07-21
4249,316,1847.84,deposit,False,2025-09-30
4250,382,1538.09,withdrawal,False,2024-05-29
4251,425,2486.29,payment,False,2025-09-30
4252,288,225.74,transfer,False,2025-09-30
4253,436,2028.55,payment,False,2025-09-29
4254,133,2334.89,payment,False,2023-02-17
4255,195,2280.38,payment,False,2023-12-11
4256,322,1401.87,payment,False,2024-08-21
4257,78,819.56,payment,False,2025-02-02
4258,250,1600.12,transfer,False,2024-03-22
4259,232,765.87,deposit,False,2024-03-29
4260,180,1031.26,payment,False,2023-10-01
4261,382,1114.87,payment,False,2024-10-14
4262,492,755.57,deposit,False,2025-03-26
4263,177,855.23,payment,False,2024-05-16
4264,29,19.28,payment,False,2024-06-05
4265,496,743.4,payment,False,2025-09-30
4266,166,1181.29,payment,False,2025-05-05
4267,326,433.35,payment,False,2023-08-16
4268,498,2014.16,transfer,False,2022-09-13
4269,226,1344.55,transfer,False,2025-03-30
4270,136,1984.91,payment,False,2023-11-06
4271,187,321.13,payment,False,2025-09-30
4272,55,2051.46,deposit,False,2024-01-23
4273,366,2395.7,withdrawal,False,2025-09-30
4274,2,881.78,payment,False,2025-09-30
4275,410,710.6,payment,False,2022-06-30
4276,319,1617.43,payment,False,2024-06-06
4277,17,1590.15,transfer,False,2025-09-30
4278,59,282.06,withdrawal,False,2024-11-05
4279,88,2316.97,payment,False,2025-07-06
4280,223,1198.16,transfer,False,2024-01-13
4281,272,1911.28,transfer,False,2024-10-09
4282,58,898.93,payment,False,2023-06-18
4283,192,654.58,withdrawal,False,2023-04-15
4284,50,279.07,withdrawal,False,2025-06-19
4285,213,687.02,withdrawal,False,2024-07-27
4286,230,2483.58,withdrawal,False,2023-12-06
4287,154,1645.24,payment,False,2023-05-01
4288,273,2007.15,transfer,False,2025-09-30
4289,370,2396.31,payment,False,2023-03-02
4290,46,198.4,payment,False,2023-11-27
4291,362,412.57,payment,False,2023-09-08
4292,383,2319.99,payment,False,2024-03-29
4293,452,1411.82,payment,False,2024-09-18
4294,306,1587.49,payment,True,2025-01-04
4295,427,1069.66,deposit,False,2024-12-30
4296,118,2036.26,deposit,False,2024-11-10
4297,176,1293.59,deposit,False,2023-03-26
4298,68,2065.5,deposit,False,2025-09-30
4299,251,2480.47,payment,False,2024-08-24
4300,403,1617.17,payment,False,2025-02-04
4301,230,1322.51,payment,False,2022-02-15
4302,409,913.53,payment,False,2025-09-30
4303,200,487.55,transfer,False,2023-02-18
4304,146,1641.99,withdrawal,False,2025-09-30
4305,51,157.53,payment,False,2025-09-30
4306,402,2390.76,payment,False,2025-06-09
4307,368,1619.24,payment,False,2023-04-19
4308,186,2398.45,payment,False,2023-04-04
4309,320,681.41,payment,False,2024-09-27
4310,199,2366.34,withdrawal,False,2025-09-30
4311,441,1530.7,transfer,False,2022-10-07
4312,145,2025.85,transfer,False,2023-09-10
4313,59,448.13,payment,False,2023-06-27
4314,195,1250.78,payment,False,2023-11-11
4315,470,1422.83,transfer,False,2023-09-19
4316,143,982.74,deposit,False,2025-07-10
4317,223,633.83,payment,False,2025-05-17
4318,100,2262.03,deposit,False,2024-02-03
4319,26,213.56,payment,False,2025-09-30
4320,432,385.81,payment,False,2025-08-26
4321,14,801.96,transfer,False,2025-09-30
4322,122,2299.51,payment,False,2025-04-03
4323,465,1410.96,withdrawal,False,2024-08-20
4324,265,933.56,payment,False,2022-12-21
4325,7,1007.29,payment,False,2025-04-22
4326,494,2094.61,payment,False,2024-12-11
4327,219,67.92,payment,False,2025-09-05
4328,220,29.34,payment,False,2025-09-30
4329,183,116.17,payment,False,2023-09-02
4330,396,1173.54,payment,False,2025-05-10
4331,401,1453.54,transfer,False,2025-09-30
4332,457,1561.55,deposit,False,2025-09-30
4333,108,1828.11,payment,False,2024-07-27
4334,492,475.12,deposit,False,2025-09-30
4335,392,656.45,payment,False,2022-10-24
4336,347,609.52,withdrawal,False,2022-11-09
4337,124,373.78,payment,False,2023-10-02
4338,170,611.74,payment,False,2025-06-21
4339,460,1534.52,deposit,False,2023-03-30
4340,421,916.66,payment,False,2025-09-30
4341,404,1920.01,payment,False,2025-09-01
4342,257,1341.51,payment,False,2023-08-23
4343,9,530.89,payment,False,2024-08-27
4344,367,1168.99,withdrawal,False,2024-04-01
4345,280,1483.83,transfer,False,2023-12-30
4346,125,2165.62,withdrawal,False,2025-09-30
4347,162,2084.46,deposit,False,2025-04-28
4348,36,1066.77,deposit,False,2025-06-12
4349,4,1619.54,payment,False,2024-08-22
4350,413,745.21,payment,False,2025-06-05
4351,87,1582.88,payment,False,2025-09-30
4352,483,2282.07,payment,False,2025-09-30
4353,400,1561.73,withdrawal,False,2022-09-11
4354,264,760.13,payment,False,2022-11-18
4355,91,1610.31,payment,False,2024-08-23
4356,295,2256.98,payment,False,2025-09-30
4357,58,343.48,payment,False,2023-12-09
4358,140,1206.63,withdrawal,False,2025-09-30
4359,172,803.31,transfer,False,2023-11-13
4360,260,604.43,payment,False,2025-09-03
4361,495,991.13,withdrawal,False,2025-09-30
4362,25,985.53,payment,True,2025-05-15
4363,198,526.87,payment,False,2025-09-30
4364,67,1009.66,payment,False,2023-01-05
4365,423,1584.7,payment,False,2024-03-19
4366,118,65.3,payment,False,2024-08-02
4367,280,2473.07,payment,False,2024-05-03
4368,469,740.56,payment,False,2025-03-02
4369,6,1559.49,payment,False,2025-09-19
4370,97,709.59,withdrawal,False,2023-12-15
4371,72,984.45,withdrawal,False,2024-04-16
4372,417,1373.54,deposit,False,2025-09-30
4373,432,1530.02,payment,False,2025-09-30
4374,451,1926.37,withdrawal,False,2023-02-13
4375,380,1979.42,payment,False,2022-04-23
4376,258,1297.24,payment,False,2025-05-05
4377,38,190.24,withdrawal,False,2024-09-05
4378,296,1394.9,withdrawal,False,2025-01-06
4379,56,1194.47,transfer,False,2025-09-30
4380,103,539.25,transfer,False,2023-10-27
4381,103,26.4,deposit,False,2024-10-31
4382,216,790.6,transfer,True,2025-09-25
4383,21,649.46,withdrawal,False,2025-08-23
4384,115,1207.79,payment,False,2024-09-14
4385,210,1904.24,payment,False,2025-09-30
4386,291,1098.16,deposit,False,2022-12-05
4387,203,2378.97,payment,False,2024-06-15
4388,459,554.06,payment,False,2025-09-30
4389,323,553.16,payment,False,2025-09-30
4390,188,1511.52,payment,False,2023-04-07
4391,151,2240.76,payment,False,2024-05-21
4392,449,1679.97,withdrawal,False,2023-10-31
4393,191,1684.52,withdrawal,False,2024-03-16
4394,407,2015.91,payment,False,2025-09-10
4395,214,1672.03,payment,False,2025-01-08
4396,379,1898.61,payment,False,2025-09-30
4397,42,2165.45,transfer,False,2024-01-01
4398,478,20.77,payment,False,2024-10-20
4399,448,2214.17,payment,False,2025-04-22
4400,194,538.95,payment,False,2023-06-12
4401,250,2280.35,payment,False,2023-10-23
4402,81,666.19,payment,False,2024-07-05
4403,41,1138.64,payment,False,2023-09-01
4404,370,2334.77,payment,False,2024-12-15
4405,20,275.26,payment,False,2023-12-26
4406,9,1863.46,transfer,False,2023-09-11
4407,313,981.73,payment,False,2023-10-24
4408,124,61.23,payment,False,2023-07-22
4409,203,2347.89,payment,False,2024-06-26
4410,401,295.45,payment,False,2025-09-30
4411,78,1935.58,payment,False,2025-01-03
4412,210,961.29,deposit,False,2025-09-30
4413,18,2026.65,deposit,False,2024-04-02
4414,236,1875.97,withdrawal,False,2023-12-07
4415,498,1583.41,transfer,False,2023-12-18
4416,319,2348.12,transfer,False,2025-09-26
4417,200,248.21,payment,False,2023-05-02
4418,349,1996.65,transfer,False,2025-09-30
4419,456,1677.29,payment,False,2025-06-04
4420,282,787.49,payment,False,2024-12-17
4421,476,1365.38,deposit,False,2022-11-05
4422,456,1611.92,payment,False,2025-09-30
4423,252,1840.94,payment,False,2023-04-02
4424,340,468.46,payment,False,2025-09-30
4425,239,256.18,deposit,False,2022-11-29
4426,456,256.04,payment,False,2025-07-16
4427,462,735.38,payment,False,2024-11-03
4428,269,386.28,payment,False,2023-09-24
4429,119,1339.57,payment,False,2024-02-07
4430,488,1093.16,payment,False,2024-08-18
4431,401,2232.77,payment,False,2025-09-30
4432,371,1793.79,transfer,False,2025-09-05
4433,282,515.32,payment,False,2025-09-30
4434,390,115.27,deposit,False,2023-02-22
4435,337,1773.18,payment,False,2025-09-30
4436,388,2114.72,payment,False,2025-01-09
4437,345,1752.78,withdrawal,False,2025-09-19
4438,7,1609.84,transfer,False,2025-09-30
4439,273,624.04,payment,False,2024-01-08
4440,253,1237.01,withdrawal,True,2024-07-08
4441,342,1812.68,payment,False,2023-06-19
4442,128,484.24,payment,False,2024-11-29
4443,374,1191.88,withdrawal,False,2024-07-25
4444,92,293.45,payment,False,2023-10-06
4445,306,1327.27,deposit,False,2025-09-30
4446,384,1434.27,payment,False,2024-05-28
4447,6,1338.93,withdrawal,False,2025-09-30
4448,414,1174.19,withdrawal,False,2024-02-09
4449,74,1469.05,withdrawal,False,2024-10-08
4450,498,2492.0,payment,False,2024-01-15
4451,56,1556.72,payment,False,2025-09-30
4452,295,1881.67,deposit,False,2025-09-30
4453,398,481.11,transfer,False,2025-06-19
4454,310,1325.53,payment,False,2023-06-26
4455,238,19.76,payment,False,2025-07-14
4456,490,79.61,deposit,False,2022-06-15
4457,22,806.88,payment,False,2023-10-05
4458,441,1167.03,payment,False,2022-11-23
4459,41,1439.52,deposit,False,2025-02-04
4460,346,2220.12,payment,False,2025-09-30
4461,266,1929.62,deposit,False,2024-07-13
4462,258,750.64,payment,False,2025-09-30
4463,451,1858.97,payment,False,2023-01-13
4464,48,1373.93,withdrawal,False,2025-09-30
4465,298,1948.17,payment,False,2025-02-17
4466,139,1028.21,payment,False,2023-11-05
4467,202,230.64,withdrawal,False,2024-02-29
4468,140,1546.6,payment,False,2025-09-30
4469,142,1393.04,payment,False,2023-05-24
4470,286,2384.06,payment,False,2022-07-16
4471,233,406.16,payment,True,2025-09-30
4472,316,1640.68,payment,False,2025-09-30
4473,461,1185.71,withdrawal,False,2023-01-13
4474,158,947.93,payment,False,2025-09-30
4475,38,1986.62,withdrawal,False,2024-06-14
4476,75,2026.82,deposit,False,2023-06-06
4477,321,1786.79,deposit,False,2025-09-30
4478,475,209.92,deposit,False,2023-03-27
4479,175,863.43,payment,False,2025-09-30
4480,39,117.83,transfer,False,2025-07-06
4481,491,859.86,payment,False,2024-04-07
4482,433,1620.15,payment,False,2023-11-28
4483,485,1297.25,payment,False,2024-07-06
4484,73,1757.64,withdrawal,False,2024-05-21
4485,58,1379.1,deposit,False,2024-05-22
4486,496,1389.98,deposit,False,2025-09-30
4487,363,1277.9,payment,False,2024-01-26
4488,474,911.45,payment,True,2025-07-22
4489,89,1116.97,withdrawal,False,2025-09-30
4490,273,281.98,transfer,False,2024-09-11
4491,134,2086.44,payment,False,2023-01-05
4492,143,2223.14,transfer,False,2025-09-30
4493,451,1915.91,payment,False,2022-11-01
4494,95,1459.38,withdrawal,True,2025-09-30
4495,156,1423.38,payment,False,2025-02-27
4496,201,1176.34,deposit,False,2024-01-13
4497,428,579.14,transfer,False,2022-06-28
4498,499,960.13,payment,False,2025-09-30
4499,402,2474.77,payment,False,2024-10-23
4500,496,365.36,deposit,False,2025-08-16
4501,488,1357.17,payment,False,2024-12-24
4502,160,2166.45,payment,False,2022-12-16
4503,211,1133.05,payment,False,2025-09-30
4504,453,1514.42,withdrawal,False,2025-07-19
4505,172,2069.66,payment,False,2023-07-04
4506,70,1369.36,payment,False,2024-12-03
4507,319,1828.94,payment,False,2024-05-08
4508,460,868.83,payment,False,2023-01-02
4509,314,1832.83,withdrawal,False,2024-01-15
4510,431,103.51,payment,False,2024-03-09
4511,382,383.1,deposit,False,2023-08-23
4512,490,1593.6,payment,False,2022-06-28
4513,145,1122.94,payment,False,2024-12-06
4514,167,2071.04,withdrawal,False,2025-09-30
4515,443,855.59,payment,False,2024-02-10
4516,391,1918.25,deposit,False,2025-09-30
4517,319,348.64,transfer,False,2024-11-25
4518,117,2325.44,payment,False,2024-12-08
4519,185,1046.68,payment,False,2025-09-30
4520,203,578.02,deposit,False,2024-08-03
4521,162,1973.09,withdrawal,False,2025-09-30
4522,309,2369.77,withdrawal,False,2022-06-19
4523,450,2295.29,transfer,False,2023-11-07
4524,462,595.61,payment,False,2025-09-30
4525,338,1680.35,payment,False,2025-07-09
4526,432,1367.6,payment,False,2025-03-28
4527,188,1813.04,payment,False,2023-07-13
4528,43,1217.85,withdrawal,False,2025-09-09
4529,201,1174.94,payment,False,2023-11-20
4530,231,2206.88,payment,False,2025-09-30
4531,4,2178.27,transfer,False,2025-09-30
4532,240,1969.2,payment,False,2022-10-31
4533,206,1762.53,payment,False,2023-04-21
4534,331,1696.24,payment,False,2025-09-30
4535,94,141.4,payment,False,2025-09-30
4536,232,1874.09,payment,False,2025-02-23
4537,363,1595.62,transfer,False,2025-04-14
4538,347,756.73,deposit,False,2024-06-10
4539,349,2050.43,payment,False,2025-07-23
4540,436,2081.29,payment,False,2025-05-30
4541,160,2330.54,withdrawal,False,2022-11-02
4542,113,1046.48,payment,False,2025-08-20
4543,252,1378.57,payment,False,2023-08-11
4544,222,2264.98,transfer,False,2023-04-27
4545,346,792.69,deposit,False,2024-08-03
4546,94,1991.81,payment,False,2025-09-30
4547,435,2479.92,payment,False,2025-09-30
4548,394,1630.19,withdrawal,False,2023-02-11
4549,396,2459.28,payment,False,2025-03-08
4550,481,1290.02,payment,False,2025-09-30
4551,482,383.48,payment,False,2022-08-11
4552,466,439.81,payment,False,2023-07-28
4553,167,1828.7,transfer,False,2025-09-30
4554,464,3.27,payment,False,2023-05-23
4555,493,1655.06,withdrawal,False,2023-02-09
4556,452,379.03,transfer,False,2024-08-26
4557,138,2460.94,payment,False,2025-01-11
4558,348,408.66,payment,False,2025-08-19
4559,361,1381.61,transfer,False,2025-09-30
4560,210,1673.94,deposit,False,2025-09-30
4561,256,2048.92,withdrawal,False,2025-09-30
4562,73,1148.7,withdrawal,False,2025-02-06
4563,214,2334.56,payment,False,2024-06-07
4564,266,1201.14,withdrawal,False,2024-08-30
4565,360,630.9,withdrawal,False,2025-09-30
4566,151,1483.0,payment,False,2024-07-07
4567,235,1645.36,payment,False,2023-12-02
4568,461,1268.97,payment,False,2022-06-09
4569,216,1833.22,payment,False,2025-09-30
4570,397,1052.28,transfer,False,2025-09-30
4571,304,11.84,withdrawal,False,2025-06-27
4572,109,662.08,payment,False,2025-09-30
4573,345,2364.82,deposit,False,2025-09-30
4574,300,1908.29,payment,False,2024-12-30
4575,495,474.65,transfer,False,2024-06-10
4576,349,167.57,deposit,False,2025-09-30
4577,464,877.64,deposit,False,2023-04-03
4578,320,2090.92,payment,False,2024-08-10
4579,296,265.84,payment,False,2024-10-16
4580,390,1358.84,payment,False,2023-09-18
4581,120,688.23,payment,False,2024-11-26
4582,328,1815.91,deposit,False,2025-09-30
4583,98,2.03,payment,False,2022-12-24
4584,210,693.66,payment,False,2025-09-30
4585,427,1698.45,withdrawal,False,2023-03-19
4586,32,1367.33,payment,False,2024-09-17
4587,433,1947.39,payment,False,2023-03-20
4588,330,395.03,deposit,False,2025-09-30
4589,226,1327.91,payment,False,2025-03-10
4590,215,490.23,payment,False,2025-03-06
4591,123,1598.41,deposit,False,2025-07-26
4592,147,329.22,withdrawal,False,2024-12-10
4593,340,372.59,withdrawal,False,2025-09-30
4594,52,821.18,deposit,False,2023-10-07
4595,180,1005.36,deposit,False,2024-02-24
4596,290,1246.9,payment,False,2022-09-21
4597,187,1452.19,payment,False,2024-09-07
4598,486,1172.57,withdrawal,False,2025-03-26
4599,337,115.05,deposit,False,2025-09-30
4600,108,859.31,payment,False,2024-08-16
4601,126,154.39,payment,False,2024-01-30
4602,261,296.09,withdrawal,False,2023-11-23
4603,194,232.97,payment,False,2023-06-26
4604,297,396.08,deposit,False,2025-09-30
4605,34,2032.49,payment,False,2025-09-30
4606,438,1569.3,deposit,False,2025-07-18
4607,276,1267.45,withdrawal,False,2024-03-17
4608,494,1830.91,withdrawal,False,2023-03-09
4609,182,2403.1,payment,False,2025-09-30
4610,239,1044.77,payment,False,2023-10-29
4611,322,919.16,deposit,False,2023-12-04
4612,348,2444.46,payment,False,2024-08-13
4613,146,1928.55,payment,False,2025-09-30
4614,44,1943.0,payment,False,2025-09-30
4615,359,1500.26,payment,False,2024-08-16
4616,304,1268.01,payment,False,2024-05-24
4617,499,1376.93,payment,False,2024-07-23
4618,291,1630.56,payment,False,2022-03-15
4619,463,942.72,withdrawal,False,2024-01-10
4620,367,1955.95,deposit,False,2024-08-17
4621,295,2273.14,payment,False,2025-05-31
4622,488,1428.64,payment,False,2025-09-30
4623,487,954.31,payment,True,2025-06-12
4624,259,1739.28,deposit,False,2024-07-04
4625,19,456.23,payment,False,2023-05-14
4626,215,2421.46,payment,False,2024-08-28
4627,211,1645.31,payment,False,2025-09-30
4628,381,169.85,payment,False,2024-05-04
4629,402,1324.85,payment,False,2025-09-30
4630,478,1876.1,deposit,False,2025-09-30
4631,231,695.34,payment,False,2025-09-30
4632,339,128.42,transfer,False,2025-09-30
4633,5,1223.42,transfer,False,2023-12-08
4634,311,2084.23,payment,False,2024-11-28
4635,269,629.58,transfer,False,2023-07-30
4636,162,1792.82,payment,False,2025-08-11
4637,216,1020.07,payment,False,2024-08-15
4638,274,150.02,payment,False,2025-03-15
4639,324,760.6,payment,False,2023-04-01
4640,100,785.44,payment,False,2024-12-06
4641,456,2261.76,payment,False,2025-09-30
4642,171,2454.39,payment,False,2022-04-16
4643,449,525.21,payment,False,2023-07-26
4644,252,1076.85,payment,False,2024-08-11
4645,169,2441.78,payment,False,2025-09-30
4646,38,1018.76,deposit,False,2023-05-05
4647,228,873.58,withdrawal,False,2022-10-23
4648,422,275.59,deposit,False,2023-11-08
4649,397,1883.46,transfer,False,2025-09-30
4650,125,1118.07,payment,False,2025-09-30
4651,278,1597.02,deposit,False,2025-09-30
4652,285,1275.13,payment,False,2023-05-18
4653,137,437.17,payment,False,2024-03-30
4654,475,441.75,payment,False,2024-12-11
4655,366,2349.45,payment,False,2025-09-30
4656,108,2223.91,withdrawal,False,2025-05-24
4657,68,1526.97,deposit,False,2025-09-30
4658,104,4.11,withdrawal,False,2024-03-16
4659,401,1083.81,payment,False,2025-09-30
4660,246,1326.54,payment,False,2024-03-14
4661,165,1124.15,payment,False,2024-06-08
4662,192,2313.7,payment,False,2023-04-11
4663,195,103.12,payment,False,2024-11-11
4664,132,1637.67,transfer,False,2025-09-30
4665,296,785.28,transfer,False,2024-03-20
4666,144,1399.13,deposit,False,2023-06-23
4667,395,1640.14,payment,False,2025-09-30
4668,219,1102.61,payment,False,2025-09-30
4669,26,371.79,payment,False,2025-09-30
4670,251,1298.08,payment,False,2024-08-23
4671,95,2332.46,payment,False,2025-09-30
4672,354,1340.16,payment,False,2025-09-30
4673,200,308.23,deposit,False,2022-10-21
4674,103,2060.58,transfer,False,2024-02-21
4675,193,555.14,payment,False,2025-09-30
4676,381,926.17,transfer,False,2024-11-15
4677,2,1072.46,transfer,False,2025-09-30
4678,247,849.91,payment,False,2025-09-30
4679,91,1011.72,withdrawal,False,2023-08-09
4680,45,1988.91,payment,False,2025-07-13
4681,427,559.17,payment,False,2024-01-27
4682,3,1176.58,payment,False,2023-03-01
4683,418,51.0,payment,False,2025-09-30
4684,336,1269.66,deposit,False,2023-05-17
4685,449,280.11,deposit,False,2023-05-09
4686,64,706.31,payment,False,2022-11-26
4687,135,812.86,payment,False,2023-11-20
4688,291,206.8,payment,False,2023-10-30
4689,278,902.05,payment,False,2025-05-18
4690,176,1245.65,payment,False,2022-09-29
4691,416,1078.31,deposit,False,2024-01-07
4692,282,701.78,payment,False,2025-09-30
4693,120,737.84,payment,False,2025-09-30
4694,262,1584.32,withdrawal,False,2023-11-19
4695,174,1796.27,deposit,True,2023-11-03
4696,439,1441.75,transfer,False,2025-07-03
4697,459,2440.49,withdrawal,False,2025-09-30
4698,479,2362.24,payment,False,2024-02-22
4699,118,247.07,payment,False,2024-09-29
4700,439,654.17,transfer,False,2025-09-30
4701,341,2171.12,payment,False,2025-09-30
4702,185,75.13,transfer,False,2025-09-30
4703,243,1480.9,payment,False,2023-12-25
4704,214,2386.29,withdrawal,False,2024-10-15
4705,121,1697.12,payment,False,2025-08-04
4706,63,230.74,deposit,False,2022-10-19
4707,385,1869.8,payment,False,2022-09-11
4708,149,941.84,payment,False,2025-09-30
4709,493,2303.91,deposit,False,2022-04-23
4710,276,716.5,payment,False,2025-08-22
4711,457,1183.61,deposit,False,2025-09-30
4712,475,1866.77,payment,False,2024-08-18
4713,29,644.59,transfer,False,2025-08-08
4714,299,455.27,payment,False,2024-03-06
4715,225,7.77,withdrawal,False,2025-08-06
4716,173,1220.42,transfer,False,2024-02-21
4717,244,2321.62,payment,False,2023-08-01
4718,321,704.44,transfer,False,2025-09-30
4719,131,109.4,withdrawal,False,2025-09-30
4720,352,1551.46,payment,False,2025-07-28
4721,20,141.37,payment,False,2023-12-13
4722,81,1267.77,deposit,False,2023-11-18
4723,293,954.44,transfer,False,2025-01-02
4724,294,1189.08,payment,False,2024-01-15
4725,497,407.44,payment,False,2025-08-02
4726,458,226.41,payment,True,2025-09-30
4727,235,1872.73,payment,False,2024-05-22
4728,301,614.92,payment,False,2024-02-11
4729,221,2001.26,payment,False,2025-06-30
4730,170,1896.36,deposit,False,2025-09-30
4731,46,496.75,payment,False,2022-12-12
4732,60,2270.82,withdrawal,False,2024-05-12
4733,96,404.04,payment,False,2025-09-30
4734,269,1993.07,deposit,False,2023-11-13
4735,31,1051.91,payment,False,2024-12-22
4736,380,458.36,payment,False,2023-09-02
4737,324,2345.34,withdrawal,False,2023-10-13
4738,116,2408.18,payment,False,2024-03-27
4739,62,1278.92,payment,False,2024-01-09
4740,433,1173.47,deposit,False,2022-07-03
4741,146,2252.2,payment,False,2025-09-30
4742,331,1490.75,transfer,False,2025-09-30
4743,362,665.83,withdrawal,False,2024-02-08
4744,53,1063.57,payment,False,2025-09-30
4745,402,2090.14,payment,False,2025-02-10
4746,51,2149.05,withdrawal,False,2025-09-30
4747,169,2348.19,payment,False,2025-07-21
4748,357,721.36,deposit,False,2025-05-27
4749,481,1700.2,payment,False,2025-09-30
4750,357,171.9,withdrawal,False,2025-09-30
4751,195,1815.03,transfer,False,2024-03-26
4752,449,1408.44,payment,False,2024-01-31
4753,83,625.17,transfer,False,2024-01-09
4754,379,1636.93,payment,False,2025-09-30
4755,134,338.82,payment,False,2022-09-08
4756,458,835.18,payment,False,2025-09-30
4757,421,1002.88,payment,False,2025-06-23
4758,268,1943.07,payment,False,2024-09-26
4759,492,772.65,payment,False,2025-04-06
4760,81,123.54,payment,False,2023-11-17
4761,219,452.67,payment,False,2025-09-30
4762,2,1520.62,payment,False,2024-08-07
4763,309,39.11,payment,False,2023-04-22
4764,409,1980.79,transfer,False,2025-09-30
4765,251,2252.9,transfer,False,2025-01-17
4766,494,1239.0,deposit,False,2023-09-26
4767,236,1769.37,payment,False,2022-09-02
4768,156,1157.23,payment,False,2025-08-28
4769,429,772.6,payment,False,2024-11-02
4770,37,413.0,payment,False,2025-04-24
4771,229,1295.89,transfer,False,2023-02-04
4772,145,2324.79,deposit,False,2024-01-14
4773,325,2225.04,payment,False,2025-09-30
4774,56,2299.14,payment,False,2025-09-30
4775,121,2416.07,deposit,False,2025-07-19
4776,314,414.23,deposit,False,2024-04-04
4777,211,367.17,payment,False,2025-09-30
4778,260,1069.98,payment,False,2024-10-24
4779,103,1723.59,payment,False,2024-07-16
4780,439,1099.8,payment,False,2025-02-09
4781,305,2230.99,deposit,False,2023-12-31
4782,235,1793.77,payment,False,2023-10-10
4783,38,1585.29,payment,False,2023-12-03
4784,301,178.52,payment,False,2024-05-30
4785,108,439.16,payment,False,2025-03-06
4786,414,1070.96,withdrawal,False,2024-10-28
4787,224,2440.96,payment,False,2025-09-30
4788,293,836.69,payment,False,2024-08-11
4789,184,1575.31,deposit,False,2025-03-01
4790,155,2472.28,payment,False,2025-07-11
4791,32,660.8,payment,False,2024-09-12
4792,234,417.5,payment,False,2025-09-30
4793,395,1366.29,payment,False,2025-09-23
4794,489,1380.17,payment,False,2025-09-30
4795,250,2304.79,payment,False,2024-12-27
4796,58,67.05,withdrawal,False,2024-02-27
4797,333,1019.04,payment,False,2025-09-30
4798,163,781.56,withdrawal,True,2025-04-26
4799,17,1428.06,transfer,False,2025-09-30
4800,414,24.32,payment,False,2024-09-22
4801,254,1777.95,withdrawal,False,2025-09-30
4802,146,1212.99,deposit,False,2025-04-08
4803,229,1752.02,transfer,False,2023-03-10
4804,240,1120.07,withdrawal,False,2023-11-06
4805,286,1186.01,payment,False,2023-02-07
4806,346,2238.98,payment,False,2025-09-30
4807,375,528.03,payment,False,2024-09-05
4808,16,544.5,transfer,False,2023-06-10
4809,75,1399.13,payment,False,2023-10-16
4810,438,1650.9,payment,False,2024-04-24
4811,260,887.37,withdrawal,False,2024-12-15
4812,383,1299.26,payment,False,2023-08-13
4813,361,570.41,payment,False,2025-09-30
4814,399,340.64,transfer,False,2022-11-06
4815,460,596.42,deposit,False,2024-07-12
4816,411,2291.02,payment,False,2023-07-06
4817,496,2004.74,payment,False,2025-04-16
4818,4,351.47,payment,False,2024-09-23
4819,419,117.35,payment,False,2022-11-30
4820,251,233.87,payment,False,2024-10-05
4821,85,734.29,payment,False,2025-09-21
4822,63,2028.59,payment,False,2023-02-06
4823,100,804.11,payment,False,2024-09-04
4824,322,464.95,payment,False,2024-09-13
4825,243,990.21,deposit,False,2023-11-16
4826,295,311.01,deposit,False,2025-03-23
4827,412,1176.07,payment,False,2025-09-30
4828,162,1689.21,payment,False,2025-09-30
4829,417,922.75,deposit,False,2025-02-16
4830,178,434.86,deposit,False,2024-02-21
4831,444,1133.54,payment,False,2024-01-22
4832,328,1906.46,withdrawal,False,2025-02-23
4833,328,192.41,payment,False,2024-05-22
4834,252,178.27,deposit,False,2024-10-18
4835,42,795.96,deposit,False,2023-06-04
4836,242,1038.22,withdrawal,False,2024-05-07
4837,342,541.96,transfer,False,2023-05-10
4838,91,68.25,payment,False,2024-08-04
4839,28,549.68,payment,False,2024-04-03
4840,459,1088.99,payment,False,2025-09-30
4841,155,199.49,payment,False,2023-11-24
4842,119,1790.01,deposit,False,2024-05-28
4843,385,1380.7,deposit,False,2023-06-17
4844,487,1086.67,deposit,False,2025-06-08
4845,220,1297.26,payment,False,2025-04-14
4846,347,1639.86,deposit,False,2024-08-19
4847,264,2487.0,payment,False,2023-05-04
4848,121,1938.03,payment,False,2025-04-06
4849,46,1351.37,payment,False,2023-03-28
4850,280,1926.56,payment,False,2023-12-22
4851,115,1188.59,transfer,False,2025-03-06
4852,168,777.96,payment,False,2025-04-07
4853,435,655.64,payment,False,2025-09-30
4854,246,999.3,deposit,False,2022-12-19
4855,484,6.71,payment,False,2024-04-29
4856,375,443.21,payment,False,2023-11-19
4857,280,317.21,payment,False,2023-02-26
4858,234,2400.89,payment,False,2025-09-30
4859,22,163.05,payment,False,2024-07-19
4860,202,1252.93,transfer,False,2023-08-14
4861,68,2299.38,transfer,False,2024-08-24
4862,136,1519.19,payment,False,2024-10-19
4863,231,1238.68,payment,False,2025-09-30
4864,58,1857.74,deposit,False,2022-08-12
4865,15,884.08,withdrawal,False,2023-11-04
4866,264,485.09,deposit,False,2023-09-03
4867,477,2118.36,withdrawal,False,2025-04-08
4868,170,142.4,transfer,False,2024-09-12
4869,423,2019.68,deposit,False,2023-09-14
4870,499,259.31,deposit,False,2024-05-13
4871,291,1564.29,payment,False,2022-02-06
4872,169,1193.14,payment,False,2025-09-30
4873,48,2496.35,withdrawal,False,2025-09-30
4874,462,970.41,payment,False,2025-01-24
4875,96,2393.26,payment,False,2025-09-04
4876,327,1010.05,transfer,False,2025-09-30
4877,44,1704.57,payment,False,2025-09-30
4878,353,1609.51,payment,False,2025-02-03
4879,240,217.04,payment,False,2023-01-25
4880,291,1858.67,payment,False,2022-02-05
4881,283,522.46,deposit,False,2025-09-30
4882,449,971.71,deposit,False,2023-11-02
4883,70,1955.72,deposit,False,2025-09-30
4884,253,2360.84,payment,False,2024-06-25
4885,66,1399.95,payment,False,2025-09-30
4886,327,1298.94,payment,False,2025-09-30
4887,456,1262.8,payment,False,2025-09-30
4888,447,2041.6,withdrawal,False,2025-06-12
4889,493,2482.8,payment,False,2023-11-03
4890,477,1584.34,payment,False,2024-06-22
4891,336,947.18,payment,False,2022-12-24
4892,285,547.44,payment,False,2024-09-29
4893,31,497.85,deposit,False,2025-02-10
4894,448,2140.52,payment,True,2025-03-28
4895,214,2480.89,payment,False,2024-03-01
4896,181,1745.28,payment,False,2025-01-13
4897,202,2389.62,payment,False,2023-05-23
4898,68,875.64,payment,False,2025-07-25
4899,25,1569.36,withdrawal,False,2025-09-30
4900,248,1279.7,withdrawal,False,2025-06-14
4901,373,1205.56,payment,True,2025-09-30
4902,397,1581.3,payment,False,2025-09-30
4903,337,776.54,transfer,False,2025-08-25
4904,424,1601.92,deposit,False,2025-09-30
4905,456,1682.48,payment,False,2025-07-03
4906,343,2090.45,payment,False,2024-12-18
4907,391,1826.47,payment,False,2025-09-30
4908,160,800.12,withdrawal,False,2023-12-31
4909,280,1127.55,transfer,False,2024-05-17
4910,257,301.82,withdrawal,False,2022-06-27
4911,111,643.98,payment,False,2025-09-30
4912,47,1302.84,withdrawal,False,2023-10-27
4913,179,252.8,transfer,False,2025-09-30
4914,36,1426.95,payment,False,2025-01-10
4915,411,976.31,transfer,False,2023-11-20
4916,198,87.88,withdrawal,False,2025-04-19
4917,42,1086.69,payment,False,2023-05-22
4918,479,703.57,payment,True,2023-07-01
4919,332,168.38,payment,False,2025-02-14
4920,90,734.13,withdrawal,False,2025-09-30
4921,345,735.94,payment,False,2025-09-30
4922,68,888.33,payment,False,2025-04-29
4923,70,916.82,payment,True,2025-09-30
4924,110,1075.0,transfer,False,2024-05-18
4925,382,230.8,payment,False,2023-07-22
4926,397,14.19,payment,False,2025-09-30
4927,409,1840.28,payment,False,2025-09-30
4928,351,844.03,payment,False,2023-05-15
4929,22,1534.42,transfer,False,2024-10-05
4930,483,768.28,payment,False,2025-09-30
4931,277,2460.48,payment,False,2024-03-31
4932,399,789.25,payment,False,2023-08-21
4933,195,1513.01,payment,False,2024-08-21
4934,421,550.71,payment,False,2025-08-21
4935,45,1294.99,payment,False,2025-09-30
4936,410,1448.75,payment,False,2022-03-27
4937,111,457.88,deposit,False,2025-07-29
4938,209,310.01,withdrawal,False,2023-11-15
4939,230,2434.03,transfer,False,2023-11-25
4940,439,2233.28,payment,False,2025-05-06
4941,178,1650.51,payment,False,2024-08-18
4942,419,2152.77,withdrawal,False,2022-06-11
4943,250,239.81,payment,False,2023-06-14
4944,425,1823.71,withdrawal,False,2025-09-30
4945,328,714.73,payment,False,2024-09-26
4946,372,1349.19,payment,False,2025-09-30
4947,11,1912.27,withdrawal,False,2023-07-08
4948,252,84.66,payment,False,2023-03-18
4949,344,1737.4,deposit,False,2025-09-30
4950,235,1087.73,transfer,False,2024-12-07
4951,136,1099.74,payment,False,2023-12-09
4952,254,2268.29,payment,False,2025-09-30
4953,54,2149.48,deposit,False,2025-09-30
4954,478,144.78,payment,False,2025-03-04
4955,129,1546.17,payment,False,2024-06-27
4956,226,1090.18,payment,False,2024-04-22
4957,20,295.42,withdrawal,False,2025-06-13
4958,100,2127.78,deposit,False,2024-11-22
4959,290,179.71,transfer,False,2024-03-22
4960,57,81.21,deposit,True,2025-09-30
4961,226,494.59,transfer,False,2025-04-11
4962,141,759.14,payment,False,2025-09-30
4963,125,153.14,payment,False,2025-09-30
4964,438,1603.64,payment,False,2025-09-13
4965,309,1093.44,withdrawal,False,2023-04-26
4966,52,1031.06,payment,False,2024-04-08
4967,134,364.21,withdrawal,False,2022-10-04
4968,292,1095.03,deposit,False,2025-09-30
4969,153,976.02,payment,False,2024-09-03
4970,347,959.72,payment,False,2023-09-21
4971,186,547.2,payment,False,2022-12-12
4972,239,237.0,transfer,False,2023-11-28
4973,183,652.51,payment,False,2023-10-08
4974,351,1668.51,transfer,False,2022-12-22
4975,3,183.24,transfer,False,2023-12-14
4976,284,956.43,payment,False,2025-08-16
4977,378,1286.43,deposit,False,2025-09-30
4978,196,2407.92,payment,False,2025-09-30
4979,465,2109.72,payment,False,2025-06-29
4980,166,2291.62,payment,False,2025-04-05
4981,290,2050.18,transfer,False,2022-11-08
4982,340,1473.2,payment,False,2025-09-30
4983,141,2152.11,payment,False,2025-09-30
4984,111,1413.55,withdrawal,False,2025-09-30
4985,261,895.01,payment,False,2023-11-27
4986,384,931.48,payment,False,2024-09-18
4987,188,1414.09,transfer,False,2022-11-30
4988,344,2023.79,payment,False,2025-07-30
4989,371,335.0,payment,False,2025-09-30
4990,358,99.12,payment,False,2025-09-17
4991,273,1974.13,deposit,False,2025-09-30
4992,185,1619.33,payment,False,2025-09-30
4993,287,2053.45,payment,False,2025-09-30
4994,92,2441.71,deposit,False,2022-04-27
4995,449,629.23,payment,False,2024-02-29
4996,194,486.54,withdrawal,False,2023-05-12
4997,417,853.11,deposit,False,2024-12-18
4998,360,2195.03,payment,False,2025-09-30
4999,349,35.9,payment,False,2025-04-12
5000,388,27.32,payment,False,2025-09-30
